289,67,Aquafon
289,68,A-Mobile
412,1,Afghan Wireless Communication Company
412,20,Telecom Development Company Afghanistan Ltd.
412,40,MNT Group Afganistan
412,50,Etisalat Afghanistan
276,1,Albanian Mobile Communications
276,2,Vodafone Albania
276,3,Eagle Mobile
276,4,Plus Communcation
603,1,ATM Mobilis
603,2,Orascom Telecom Algerie Spa
603,3,Wataniya Telecom Algerie
544,11,Blue Sky Communications
213,3,Servei De Tele. DAndorra
631,2,Unitel S.a.r.l.
631,3,Movicel
631,4,Movicel
365,5,Mossel Ltd (Digicel)
365,10,Weblinks Limited
365,840,Cable & Wireless
344,30,Antigua Public Utilities Authority
344,50,Antigua Wireless Ventures Limited
344,920,Cable & Wireless (Antigua)
344,930,Antigua Wireless Ventures Limited
722,1,Telefonica Móviles Argentina SA
722,2,Nll Holdings
722,7,Telefonica Móviles Argentina SA
722,10,Telefonica Móviles Argentina SA
722,20,Nll Holdings
722,34,Telecom Personal S.A.
722,35,Hutchison Telecommunications Argentina S.A.
722,36,Telecom Personal S.A.
722,40,TE.SA.M Argentina S.A
722,70,Telefonica Móviles Argentina SA
722,310,AMX Argentina S.A
722,320,AMX Argentina S.A
722,330,AMX Argentina S.A
722,340,Telecom Personal S.A.
722,341,Telecom Personal S.A.
722,350,Hutchison Telecommunications Argentina S.A.
283,1,ArmenTel
283,4,Karabakh Telecom
283,5,K Telecom CJSC
283,10,Orange Armenia
283,77,K Telecom
363,1,Servicio di Telecomunicacio di Aruba
363,2,Digicel
505,1,Telstra Corporation Ltd.
505,2,Optus Mobile Pty. Ltd.
505,3,Vodafone Network Pty. Ltd.
505,4,Department of Defence
505,5,The Ozitel Network Pty. Ltd.
505,6,Hutchison 3G Australia Pty. Ltd.
505,8,One.Tel GSM 1800 Pty. Ltd.
505,9,Airnet Commercial Australia Ltd.
505,11,Telstra Corporation Ltd.
505,12,Hutchison 3G Australia Pty. Ltd.
505,13,Rail Corporation New South Wales
505,14,Telecom New Zealand
505,15,3GIS Pty Ltd. (Telstra & Hutchison 3G)
505,21,TPG Telecom Limited
505,24,Advanced Communications Technologies Pty. Ltd.
505,38,Vodafone Hutchison Australia Proprietary Limited
505,71,Telstra Corporation Ltd.
505,72,Telstra Corporation Ltd.
505,88,Localstar Holding Pty. Ltd.
505,90,Optus Ltd.
505,99,One.Tel GSM 1800 Pty. Ltd.
232,1,A1 Telekom Austria
232,2,A1 Telekom Austria
232,3,T-Mobile
232,5,Orange
232,6,Orange
232,7,tele.ring
232,9,A1 Telekom Austria
232,10,Hutchison 3G Austria
232,11,A1 Telekom Austria
232,12,Yesss (Orange)
232,14,Hutchison 3G Austria
232,15,Barablu Mobile Ltd
232,91,ÖBB
400,1,Azercell Limited Liability Joint Venture
400,2,Bakcell Limited Liabil ity Company
400,3,Catel
400,4,Azerfon
364,39,The Bahamas Telecommunications Company Ltd
364,390,The Bahamas Telecommunications Company Ltd
426,1,Bahrain Telecommunications Company
426,2,Zain Bahrain
426,4,STC Bahrain
470,1,GrameenPhone Ltd
470,2,Axiata Bangladesh Ltd.
470,3,Orascom Telecom Holding
470,4,TeleTalk
470,5,Citycell
470,6,Airtel
470,7,Aritel
342,50,Digicel Barbados
342,600,Lime (Cable & Wireless)
342,750,Digicel
342,810,Cingular Wireless
342,820,Sunbeach Communications
257,1,MDC Velcom
257,2,Mobile TeleSystems
257,3,BelCel
257,4,Belarussian Telecommunications Network
257,501,BelCel JV
206,1,Belgacom Mobile
206,5,Telenet
206,10,France Telecom
206,20,KPN
702,67,Belize Telemedia
702,68,International Telecommunications Ltd. (INTELCO)
702,99,SpeedNet Communications Ltd
616,0,BBCOM
616,1,Benin Telecoms Mobile
616,2,Telecel Benin
616,3,Spacetel Benin
616,4,Bell Benin Communications
616,5,Glo Communications
350,1,Cingular GSM 1900
350,2,M3 Wireless
350,10,Cingular Wireless
350,38,Mossel (Digicel)
402,11,Bhutan Telecom Ltd
402,17,B-Mobile of Bhutan Telecom
402,77,Tashi InfoComm Limited
736,1,Nuevatel S.A.
736,2,ENTEL S.A.
736,3,Telefonica Celular De Bolivia S.A
736,20,Entel BOlivia
218,3,Public Enterprise Croatian Telecom Ltd.
218,5,RS Telecommunications JSC Banja Luka
218,90,BH Telecom
652,1,Mascom Wireless (Pty) Ltd.
652,2,Orange Botswana (Pty) Ltd.
652,4,Botswana Telecommunications Corporation
724,0,Nll Holdings, INC.
724,1,CRT Cellular
724,2,Telecom Italia Mobile
724,3,Telecom Italia Mobile
724,4,Telecom Italia Mobile
724,5,Claro
724,6,Vivo S.A
724,7,CTBC Telecom
724,8,Telecom Italia Mobile
724,9,Telepar Cel
724,10,Vivo S.A
724,11,Vivo S.A
724,12,Americel
724,13,Telesp Cel
724,14,Maxitel BA
724,15,Sercomtel Celular
724,16,Brasil Telecom Celular S.A
724,17,Ceterp Cel
724,18,Norte Brasil Tel
724,19,Telemig Cel
724,21,Telerj Cel
724,23,Vivo S.A
724,24,Amazonia Celular S/A
724,25,Telebrasilia Cel
724,27,Telegoias Cel
724,29,Telemat Cel
724,31,TNL PCS
724,32,CTBC Celular
724,33,CTBC Celular
724,34,CTBC Celular
724,35,Telebahia Cel
724,37,Unicel Do Brasil
724,39,NII Holdings Inc
724,41,Telpe Cel
724,43,Telepisa Cel
724,45,Telpa Cel
724,47,Telern Cel
724,48,Teleceara Cel
724,51,Telma Cel
724,53,Telepara Cel
724,55,Teleamazon Cel
724,57,Teleamapa Cel
724,59,Telaima Cel
348,170,Cabel & Wireless (west Indies)
348,570,Caribbean Cellular Telephone, Boatphone Ltd.
348,770,Digicel (BVI) Limited
528,1,Jabatan Telekom Brunei
528,2,B-Mobile Communications Sdn Bhd
528,11,DST Com
284,1,M-Tel GSM BG
284,3,BTC Mobile
284,5,Globul
284,6,BTC Mobile
613,1,Onatal
613,2,Celtel Burkina Faso
613,3,Telcel Faso SA
642,1,Econet Wireless Burundi PLC
642,2,Africell PLC
642,3,Onatel
642,7,LACELL SU
642,8,HiTs Telecom
642,82,U-COM Burundi S.A.
456,1,CamGSM
456,2,Telekom Malaysia International (Cambodia) Co. Ltd
456,3,S Telecom (reserved)
456,4,Cambodia Advance Communications Co. Ltd
456,5,Applifone Co. Ltd
456,6,Latelz Co. Ltd
456,8,Viettel
456,9,Sotelco Ltd.
456,11,Excell
456,18,Camshin (Shinawatra)
624,1,Mobile Telephone Networks Cameroon
624,2,Orange Cameroun
302,220,Telus Mobility
302,221,Telus Mobility (Unknown)
302,290,Aurtek Wurekess
302,320,Dave Wireless
302,350,FIRST Networks Operations
302,360,Telus Mobility
302,361,Telus Mobility
302,370,Fido Solutions (Rogers Wireless)
302,380,Dryden Mobility
302,490,Globalive Communications
302,500,Videotron
302,510,Videotron
302,610,Bell Mobility
302,620,ICE Wireless
302,640,Bell Mobility
302,651,Bell Mobility
302,652,BC Tel Mobility
302,653,Telus Mobility
302,654,Sask Tel Mobility
302,655,MTS Mobility
302,656,Thunder Bay Telephone Mobility
302,657,Telus Mobility
302,680,SaskTel Mobility
302,701,MB Tel Mobility
302,702,MT&T Mobility (Aliant)
302,703,New Tel Mobility (Aliant
302,710,Globalstar Canada
302,720,Rorges Communications
302,780,SaskTel Mobility
302,880,Shared Telus, Bell, and SaskTel
625,1,CVMovel, S.A.
625,2,T+Telecomunicaçôes
346,50,Digicel Cayman Ltd.
346,140,Cable & Wireless (Cayman) Limited
623,1,Atlantique Telecom Centrafrique SA
623,2,Telecel Centrafrique (TC)
623,3,Orange RCA
623,4,Nationlink Telecom RCA
622,1,CelTel Tchad SA
622,2,Tchad Mobile
622,3,Millicom Tchad
622,4,Sotel Mobile
730,1,Entel PCS Telecomunicaciones S.A.
730,2,Telefónica Móvil de Chile
730,3,Claro Chile S.A.
730,4,Centennial Cayman Corp. Chile S.A.
730,5,VTW S.A.
730,9,Centennial Cayman Corp. Chile
730,10,Entel Telefonia Móvil S.A.
730,99,WILL Telefonia
460,0,China Mobile
460,1,China Unicom
460,2,Liaoning PPTA
460,3,China Unicom CDMA
460,4,China Satellite Global Star Network
460,5,China Telecom
460,6,China Unicom
460,7,China Mobile
460,20,China Tietong (GSM-R)
732,1,Colombia Telecomunicaciones S.A.
732,2,Edatel S.A.
732,20,Emtelsa
732,99,Emcali
732,101,Comcel S.A. Occel S.A./Celcaribe
732,102,Bellsouth Colombia S.A.
732,103,Colombia Móvil S.A.
732,111,Colombia Móvil S.A.
732,123,Telefónica Móviles Colombia
732,130,Avantel
654,1,HURI - SNPT
548,1,Telecom Cook
712,1,Instituto Costarricense de Electricidad - ICE
712,2,Instituto Costarricense de Electricidad - ICE
712,3,Gruop ICE
612,1,Cora de Comstar
612,2,Moov
612,3,Orange
612,4,Koz
612,5,MTN
612,6,OriCel
219,1,T-Mobile
219,2,Tele2
219,10,VIPnet
368,1,Empresa de Telecomunicaciones de Cuba, SA
280,0,Areeba Ltd.
280,1,CYTA
280,10,Areeba Ltd
280,20,Primetel PLC
230,1,T-Mobile Czech Republic a.s.
230,2,Telefónica O2 Czech Republic a.s.
230,3,Vodafone Czech Republic a.s.
230,4,Mobilkom a.s.
230,5,Travel Telecomunication s.r.o.
230,6,Osno Telecomunication s.r.o.
230,10,Telefónica O2 Czech Republic a.s.
230,98,Sprava Zeleznicni Dopravni Cesty
230,99,Vodafone Czech Republic a.s. R&D Centre
630,1,Vodacom Congo RDC sprl
630,2,Celtel Congo
630,5,Supercell Sprl
630,10,Libertis Telecom
630,86,Congo-Chine Telecom s.a.r.l.
630,88,Yozma Timeturns
630,89,Sait-Télécom SPRL
238,1,TDC Mobil APS
238,2,Telenor Denmark
238,3,End2End
238,5,Dansk Beredskapskommunikasjon
238,6,H3G APS
238,7,Mundio Mobile
238,8,Nordisk Mobiltelefon
238,10,TDC Mobil APS
238,12,Lyca Mobile Denmark Ltd
238,20,Telia Sonera APS
238,23,Banedanmark
238,30,Telia Sonera APS
238,40,Ericsson Danmark A/S
238,77,Telenor Denmark
638,1,Evatis
366,20,Cingular Wireless
366,110,Cable & Wireless Dominica Ltd.
370,1,Orange Dominicana, S.A.
370,2,Compañía Dominicana de Teléfonos, C por
370,3,Tricom S.A.
370,4,Trilogy Dominicana, S.A.
740,0,Otecel S.A. - Bellsouth
740,1,América Móvil
740,2,Telecsa S.A.
602,1,EEMS - Mobinil
602,2,Vodafone Egypt
602,3,Etisalat Egypt
706,1,CTE Telecom Personal, S.A. de C.V.
706,2,Digicel Group
706,3,Telemovil EL Salvador S.A.
706,4,Telefónica Móviles El Salvador
706,10,América Móvil
627,1,Guinea Ecuatorial de Telecomunicaciones Sociedad Anónima
627,3,HiTs EG.SA
248,1,EMT GSM
248,2,Elisa Eesti
248,3,Tele 2 Eesti
248,4,OY Top Connect
248,5,AS Bravocom Mobiil
248,6,OY ViaTel (UMTS)
248,7,Televõrgu AS
248,71,Siseministeerium (Ministry of Interior)
636,1,Ethiopian Telecoms Auth. (ETH MTN)
750,1,Touch
288,1,Faroese Telecom - GSM
288,2,Vodafone Faroe Islands
542,1,Vodafone
542,2,Digicel Fiji
244,3,DNA Oy
244,5,Elisa Oyj
244,7,Nokia test network
244,8,Unknown network/operator
244,9,Finnet Group
244,10,TDC Oy
244,11,Soumen Erillisverkot Oy
244,12,DNA Oy
244,14,Alands Mobiltelefon AB
244,15,Samk student network
244,16,Oy Finland Tele2 AB
244,21,Saunalahti
244,29,Scnl Truphone
244,41,Saunalahti
244,91,TeliaSonera Finland Oyj
208,0,France Telecom
208,1,France Telecom
208,2,France Telecom
208,5,Globalstar Europe
208,6,Globalstar Europe
208,7,Globalstar Europe
208,10,Vivendi
208,11,Vivendi
208,13,Vivendi
208,14,Iliad
208,15,Iliad
208,20,Bouygues Telecom
208,21,Bouygues Telecom
208,88,Bouygues Telecom (Zones Blanches)
742,1,Orange Caribe French Guiana
742,20,Digicel French Guiana
547,0,Digicel Antilles Francaises Guyane
547,1,Orange Caraibe Mobiles
547,2,Outremer Telecom
547,3,Saint Martin et Saint Barthelemy Telcell Sarl
547,8,AMIGO GSM
547,20,Tikiphone
628,1,Gabon Telecom & Libertis S.A.
628,2,Atlantique Télécom (Etisalat Group)
628,3,Celtel Gabon S.A.
628,4,USAN Gabon S.A.
628,5,Réseau de l’Administration Gabonaise
607,1,Gamcel
607,2,Africell
607,3,Comium Services Ltd
607,4,QCell Gambia
282,1,Geocell Ltd.
282,2,Magti GSM Ltd.
282,3,Iberiatel Ltd.
282,4,Beeline
282,5,Sliknet
282,67,Aquafon
282,88,A-Mobile
262,1,T-Mobile Deutschland GmbH
262,2,Vodafone D2 GmbH
262,3,E-Plus Mobilfunk GmbH & Co. KG
262,4,Vodafone D2 GmbH
262,5,E-Plus Mobilfunk GmbH & Co. KG
262,6,T-Mobile Deutschland GmbH
262,7,O2 (Germany) GmbH & Co. OHG
262,8,O2 (Germany) GmbH & Co. OHG
262,9,Vodafone D2 GmbH
262,10,Arcor AG & Co. (GSM-R)
262,11,O2 (Germany) GmbH & Co. OHG
262,12,Dolphin Telecom (Deutschland) GmbH
262,13,Mobilcom Multimedia GmbH
262,14,Group 3G UMTS GmbH (Quam)
262,15,Airdata AG
262,16,MVNE (E-plus)
262,17,Ring Mobilfunk
262,20,E-Plus
262,43,Lyca Mobile
262,60,DB Telematik (GSM-R)
262,76,Siemens AG,
262,77,E-Plus Mobilfunk GmbH & Co. KG
262,901,Debitel AG
620,1,MTN Group
620,2,Vodafone Group
620,3,Millicom Ghana
620,4,Kasapa Telecom Ltd.
620,6,Airtel
620,997,Glo Mobile Ghana
266,1,Gibtelecom GSM
266,6,CTS Gibraltar
266,9,Cloud9 Mobile Communications
202,1,Cosmote Mobile Teelecommunications S.A.
202,5,Vodafone - Panafon
202,9,Wind Hellas Telecommunications S.A.
202,10,Wind Hellas Telecommunications S.A.
290,1,Tele Greenland
352,30,Digicel
352,110,Cable & Wireless Grenada Ltd.
535,47,Docomo Pacific Inc
704,1,Servicios de Comunicaciones Personales Inalámbricas, S.A.
704,2,Comunicaciones Celulares S.A.
704,3,Telefónica Centroamérica Guatemala S.A.
611,1,Orange
611,2,Sotelgui Lagui
611,3,INTERCEL Guinée
611,4,Areeba Guinea
611,5,Cellcom Guinée SA
632,1,Guinétel S.A.
632,2,Spacetel Guiné-Bissau S.A.
632,3,Orange
632,7,Guinetel (Telecel Guinee SARL)
738,1,U-Mobile (Cellular) Inc.
738,2,Guyana Telephone & Telegraph Co.
372,1,Communication Cellulaire dHaiti SA
372,2,Unigestion Holding S.A
372,3,Telecommunication S.A
372,50,Unigestion Holding S.A
708,1,Servicios de Comunicaciones de Honduras S.A. de C.V.
708,2,Celtel / Tigo
708,30,Empresa Hondurena de Telecomunicaciones
708,40,Digicel de Honduras
454,0,CSL Ltd
454,1,CITIC Telecom 1616
454,2,CSL Ltd
454,3,Hutchison Telecom
454,4,Hutchison Telecom
454,5,Hutchison Telecom
454,6,SmarTone Mobile Communications Ltd
454,7,China Unicom (Hong Kong) Ltd
454,8,Trident Telecom
454,9,China Motion Telecom
454,10,CSL Ltd
454,11,China-Hong Kong Telecom
454,12,China Mobile Hong Kong Company Ltd
454,14,Hutchison Telecom
454,15,3G Radio System/SMT3G
454,16,PCCW Ltd
454,17,SmarTone Mobile Communications Limited
454,18,CSL Ltd
454,19,PCCW Ltd
454,22,SmarTone Mobile (P-Plus)
454,29,PCCW Ltd
454,40,shared by private TETRA systems
454,47,Hong Kong Police Force - TETRA systems
216,1,Telenor Magyarország Zrt.
216,30,Magyar Telekom Plc
216,70,Vodafone Magyarország Zrt.
274,1,Iceland Telecom Ltd.
274,2,Vodafone
274,3,Islandssimi GSM ehf
274,4,IMC Islande ehf
274,6,09 Mobile
274,7,IceCell ehf
274,11,Nova ehf
404,0,Sistema Shyam (Rajasthan)
405,1,Reliance Telecom (Andhra Pradesh)
404,1,Vodafone (Haryana)
404,2,Bharti Airtel Ltd (Punjab)
404,3,Bharti Airtel Ltd (Himachal Pradesh)
405,3,Reliance Telecom (Bihar)
405,4,Reliance Telecom (Chennai)
404,4,Idea (Delhi)
405,5,Reliance Telecom (Delhi)
404,5,Vodafone (Gujarat)
405,6,Reliance Telecom (Gujarat)
405,7,Reliance Telecom (Haryana)
404,7,Idea (Andhra Pradesh)
405,8,Reliance Telecom (Himachal Pradesh)
405,9,Reliance Telecom (Jammu & Kashmir)
404,9,Reliance Telecom (Assam)
405,10,Reliance Telecom (Karnataka)
404,10,Bharti Airtel Ltd (Delhi)
405,11,Reliance Telecom (Kerala)
404,11,Vodafone (Delhi)
405,12,Reliance Telecom (Kolkata)
404,12,Idea (Haryana)
405,13,Reliance Telecom (Maharashtra)
404,13,Vodafone (Andhra Pradesh)
405,14,Reliance Telecom (Madhya Pradesh)
404,14,Idea (Punjab)
405,15,Reliance Telecom (Mumbai)
404,15,Vodafone (Uttar Pradesh (East)
404,16,Bharti Airtel Ltd (North East)
404,17,Aircel (West Bengal)
405,17,Reliance Telecom (Orissa)
405,18,Reliance Telecom (Punjab)
404,18,Reliance Telecom (Himachal Pradesh)
405,19,Reliance Telecom (Rajasthan)
404,19,Idea (Kerala)
405,20,Reliance Telecom (Tamilnadu)
404,20,Vodafone (Mumbai)
405,21,Reliance Telecom (Uttar Pradesh (East)
404,21,LOOP (Mumbai)
404,22,Idea (Maharashtra)
405,22,Reliance Telecom (Uttar Pradesh (West)
405,23,Reliance Telecom (West Bengal)
404,24,Idea (Gujarat)
405,24,HFCL INFOTEL (Punjab)
404,25,Aircel (Bihar)
405,25,TATA Teleservices (Andhra Pradesh)
405,26,TATA Teleservices (Assam)
405,27,TATA Teleservices (Bihar)
404,27,Vodafone (Maharashtra)
405,28,TATA Teleservices (Chennai)
404,28,Aircel (Orissa)
404,29,Aircel (Assam)
405,29,TATA Teleservices (Delhi)
405,30,TATA Teleservices (Gujarat)
404,30,Vodafone (Kolkata)
405,31,TATA Teleservices (Haryana)
404,31,Bharti Airtel Ltd (Kolkata)
405,32,TATA Teleservices (Himachal Pradesh)
405,33,TATA Teleservices (Jammu & Kashmir)
404,33,Aircel (North East)
404,34,BSNL (Haryana)
405,34,TATA Teleservices (Karnataka)
405,35,TATA Teleservices (Kerala)
404,35,Aircel (Himachal Pradesh)
405,36,TATA Teleservices (Kolkata)
404,36,Reliance Telecom (Bihar)
405,37,TATA Teleservices (Maharashtra)
404,37,Aircel (Jammu & Kashmir)
404,38,BSNL (Assam)
405,38,TATA Teleservices (Madhya Pradesh)
405,39,TATA Teleservices (Mumbai)
405,40,TATA Teleservices (North East)
404,40,Bharti Airtel Ltd (Chennai)
404,41,Aircel (Chennai)
405,41,TATA Teleservices (Orissa)
405,42,TATA Teleservices (Punjab)
404,42,Aircel (Tamilnadu)
405,43,TATA Teleservices (Rajasthan)
404,43,Vodafone (Tamilnadu)
405,44,TATA Teleservices (Tamilnadu)
404,44,Idea (Karnataka)
404,45,Bharti Airtel Ltd (Karnataka)
405,45,TATA Teleservices (Uttar Pradesh (East)
405,46,TATA Teleservices (Uttar Pradesh (West)
404,46,Vodafone (Kerala)
405,47,TATA Teleservices (West Bengal)
405,48,INDIAN RAILWAYS GSM-R (ALL CIRCLES)
404,49,Bharti Airtel Ltd (Andhra Pradesh)
404,50,Reliance Telecom (North East)
405,51,Bharti Airtel Ltd (West Bengal)
404,51,BSNL (Himachal Pradesh)
405,52,Bharti Airtel Ltd (Bihar)
404,52,Reliance Telecom (Orissa)
405,53,Bharti Airtel Ltd (Orissa)
404,53,BSNL (Punjab)
404,54,BSNL (Uttar Pradesh (West)
405,54,Bharti Airtel Ltd (Uttar Pradesh (East)
405,55,Bharti Airtel Ltd (Jammu & Kashmir)
404,55,BSNL (Uttar Pradesh (East)
404,56,Idea (Uttar Pradesh (West)
405,56,Bharti Airtel Ltd (Assam)
404,57,BSNL (Gujarat)
404,58,BSNL (Madhya Pradesh)
404,59,BSNL (Rajasthan)
404,60,Vodafone (Rajasthan)
404,62,BSNL (Jammu & Kashmir)
404,64,BSNL (Chennai)
404,66,BSNL (Maharashtra)
405,66,Vodafone (Uttar Pradesh (West)
405,67,Vodafone (West Bengal)
404,67,Reliance Telecom (Madhya Pradesh)
404,68,MTNL (Delhi)
404,69,MTNL (Mumbai)
405,70,Idea (Bihar)
404,70,Bharti Airtel Ltd (Rajasthan)
404,71,BSNL (Karnataka)
404,72,BSNL (Kerala)
404,73,BSNL (Andhra Pradesh)
404,74,BSNL (West Bengal)
404,75,BSNL (Bihar)
404,76,BSNL (Orissa)
404,77,BSNL (North East)
404,78,Idea (Madhya Pradesh)
404,79,BSNL (Andaman Nicobar)
404,80,BSNL (Tamilnadu)
404,81,BSNL (Kolkata)
404,82,Idea (Himachal Pradesh)
404,83,Reliance Telecom (Kolkata)
404,84,Vodafone (Chennai)
404,85,Reliance Telecom (West Bengal)
404,86,Vodafone (Karnataka)
404,87,Idea (Rajasthan)
404,88,Vodafone (Punjab)
404,89,Idea (Uttar Pradesh (East)
404,90,Bharti Airtel Ltd (Maharashtra)
404,91,Aircel (Kolkata)
404,92,Bharti Airtel Ltd (Mumbai)
404,93,Bharti Airtel Ltd (Madhya Pradesh)
404,94,Bharti Airtel Ltd (Tamilnadu)
404,95,Bharti Airtel Ltd (Kerala)
404,96,Bharti Airtel Ltd (Haryana)
404,97,Bharti Airtel Ltd (Uttar Pradesh (West)
404,98,Bharti Airtel Ltd (Gujarat)
405,750,Vodafone (Jammu & Kashmir)
405,751,Vodafone (Assam)
405,752,Vodafone (Bihar)
405,753,Vodafone (Orissa)
405,754,Vodafone (Himachal Pradesh)
405,755,Vodafone (North East)
405,756,Vodafone (Madhya Pradesh)
405,799,Idea (Mumbai)
405,800,Aircel (Delhi)
405,801,Aircel (Andhra Pradesh)
405,802,Aircel (Gujarat)
405,803,Aircel (Karnataka)
405,804,Aircel (Maharashtra)
405,805,Aircel (Mumbai)
405,806,Aircel (Rajasthan)
405,807,Aircel (Haryana)
405,808,Aircel (Madhya Pradesh)
405,809,Aircel (Kerala)
405,810,Aircel (Uttar Pradesh (East)
405,811,Aircel (Uttar Pradesh (West)
405,812,Aircel (Punjab)
405,813,Telenor Unitech (Haryana)
405,814,Telenor Unitech (Himachal Pradesh)
405,815,Telenor Unitech (Jammu & Kashmir)
405,816,Telenor Unitech (Punjab)
405,817,Telenor Unitech (Rajasthan)
405,818,Telenor Unitech (Uttar Pradesh (West)
405,819,Telenor Unitech (Andhra Pradesh)
405,820,Telenor Unitech (Karnataka)
405,821,Telenor Unitech (Kerala)
405,822,Telenor Unitech (Kolkata)
405,823,Videocon (Andhra Pradesh)
405,824,Videocon (Assam)
405,825,Videocon (Bihar)
405,826,Videocon (Delhi)
405,827,Videocon (Gujarat)
405,828,Videocon (Haryana)
405,829,Videocon (Himachal Pradesh)
405,830,Videocon (Jammu & Kashmir)
405,831,Videocon (Karnataka)
405,832,Videocon (Kerala)
405,833,Videocon (Kolkata)
405,834,Videocon (Madhya Pradesh)
405,835,Videocon (Maharashtra)
405,836,Videocon (Mumbai)
405,837,Videocon (North East)
405,838,Videocon (Orissa)
405,839,Videocon (Rajasthan)
405,840,Videocon (Tamilnadu)
405,841,Videocon (Uttar Pradesh (East)
405,842,Videocon (Uttar Pradesh (West)
405,843,Videocon (West Bengal)
405,844,Telenor Unitech (Delhi)
405,845,Idea (Assam)
405,846,Idea (Jammu & Kashmir)
405,848,Idea (Kolkata)
405,849,Idea (North East)
405,850,Idea (Orissa)
405,852,Idea (Tamilnadu)
405,853,Idea (West Bengal)
405,854,LOOP (Andhra Pradesh)
405,855,LOOP (Assam)
405,856,LOOP (Bihar)
405,857,LOOP (Delhi)
405,858,LOOP (Gujarat)
405,859,LOOP (Haryana)
405,860,LOOP (Himachal Pradesh)
405,861,LOOP (Jammu & Kashmir)
405,862,LOOP (Karnataka)
405,863,LOOP (Kerala)
405,864,LOOP (Kolkata)
405,865,LOOP (Madhya Pradesh)
405,866,LOOP (Maharashtra)
405,867,LOOP (North East)
405,868,LOOP (Orissa)
405,869,LOOP (Punjab)
405,870,LOOP (Rajasthan)
405,871,LOOP (Tamilnadu)
405,872,LOOP (Uttar Pradesh (East)
405,873,LOOP (Uttar Pradesh (West)
405,874,LOOP (West Bengal)
405,875,Telenor Unitech (Assam)
405,876,Telenor Unitech (Bihar)
405,877,Telenor Unitech (North East)
405,878,Telenor Unitech (Orissa)
405,879,Telenor Unitech (Uttar Pradesh (East)
405,880,Telenor Unitech (West Bengal)
405,881,S TEL (Assam)
405,882,S TEL (Bihar)
405,883,S TEL (Himachal Pradesh)
405,884,S TEL (Jammu & Kashmir)
405,885,S TEL (North East)
405,886,S TEL (Orissa)
405,887,Sistema Shyam (Andhra Pradesh)
405,888,Sistema Shyam (Assam)
405,889,Sistema Shyam (Bihar)
405,890,Sistema Shyam (Delhi)
405,891,Sistema Shyam (Gujarat)
405,892,Sistema Shyam (Haryana)
405,893,Sistema Shyam (Himachal Pradesh)
405,894,Sistema Shyam (Jammu & Kashmir)
405,895,Sistema Shyam (Karnataka)
405,896,Sistema Shyam (Kerala)
405,897,Sistema Shyam (Kolkata)
405,898,Sistema Shyam (Madhya Pradesh)
405,899,Sistema Shyam (Maharashtra)
405,900,Sistema Shyam (Mumbai)
405,901,Sistema Shyam (North East)
405,902,Sistema Shyam (Orissa)
405,903,Sistema Shyam (Punjab)
405,904,Sistema Shyam (Tamilnadu)
405,905,Sistema Shyam (Uttar Pradesh (East)
405,906,Sistema Shyam (Uttar Pradesh (West)
405,907,Sistema Shyam (West Bengal)
405,912,Etisalat DB (Andhra Pradesh)
405,913,Etisalat DB (Delhi)
405,914,Etisalat DB (Gujarat)
405,915,Etisalat DB (Haryana)
405,916,Etisalat DB (Karnataka)
405,917,Etisalat DB (Kerala)
405,918,Etisalat DB (Maharashtra)
405,919,Etisalat DB (Mumbai)
405,920,Etisalat DB (Punjab)
405,921,Etisalat DB (Rajasthan)
405,922,Etisalat DB (Tamilnadu)
405,923,Etisalat DB (Uttar Pradesh (East)
405,924,Etisalat DB (Uttar Pradesh (West)
405,925,Telenor Unitech (Tamilnadu)
405,926,Telenor Unitech (Mumbai)
405,927,Telenor Unitech (Gujarat)
405,928,Telenor Unitech (Madhya Pradesh)
405,929,Telenor Unitech (Maharashtra)
405,930,Etisalat DB (Bihar)
405,931,Etisalat DB (Madhya Pradesh)
405,932,Videocon (Punjab)
510,0,PT Pasifik Satelit Nusantara (ACeS)
510,1,PT Indonesian Satellite Corporation Tbk (INDOSAT)
510,3,PT Indosat TBK
510,7,PT Telkom
510,8,PT Natrindo Telepon Seluler
510,9,PT Smart Telecom
510,10,PT Telekomunikasi Selular
510,11,PT XL Axiata Tbk
510,20,Pt Telcom Indonesia TBK
510,21,PT Indonesian Satelite Corporation Tbk (Indosat)
510,27,PT Sampoerna Telekomunikasi Indonesia
510,28,PT Mobile-8 Telecom
510,89,PT Hutchison CP Telecommunications
510,99,PT Bakrie Telecom
901,1,ICO Satellite Management
901,3,Iridium
901,4,Globalstar
901,5,Thuraya RMSS Network
901,6,Thuraya Satellite Telecommunications Company
901,10,ACeS
901,11,Inmarsat
901,12,Maritime Communications Partner AS
901,13,Global Networks Switzerland Inc.
901,14,AeroMobile AS
901,15,OnAir Switzerland Sarl
901,17,Navitas
901,18,AT&T Mobility
901,21,Seanet Maritime Communications
432,11,Mobile Communications Company of Iran
432,14,KIFZO (Telecommunication Kish Co.)
432,19,Mobile Telecommunications Company of Esfahan
432,32,Rafsanjan Industrial Complex
432,35,Irancell Telecommunications Services Company
432,70,Telephone Communications Company of Iran
432,93,Iraphone
418,5,Asia Cell Telecommunications Com.
418,8,Korek Telecom Ltd
418,20,Zain Iraq
418,30,Zain Iraq
418,40,Korek Telecom Ltd
418,45,Mobitel Co. Ltd
418,92,Ommnea Wireless
272,1,Vodafone Ireland Plc
272,2,O2 Ireland
272,3,Meteor Mobile Communications Ltd.
272,4,Access Telecom Ltd.
272,5,Hutchison 3G Ireland limited
272,7,Eircom
272,9,Clever Communications Ltd.
272,11,Liffey Telecom
272,13,Lyca Mobile
425,1,Partner Communications Co. Ltd.
425,2,Cellcom Israel Ltd.
425,3,Pelephone Communications Ltd.
425,5,Palestine Cellular Communications
425,6,Wataniya Palestine
425,7,Hot Mobile
425,8,Golan Telecom
425,303,Pelephone Communications Ltd.
222,1,Telecom Italia SpA
222,2,Elsacom
222,7,Noverca
222,8,Fastweb
222,10,Vodafone Omnitel N.V.
222,30,Rete Ferroviaria Italiana
222,77,IPSE 2000
222,88,Wind Telecomunicazioni SpA
222,98,Blu
222,99,Hutchison 3G
338,5,JM DIGICEL
338,20,Cable & Wireless Jamaica Ltd.
338,50,Digicel (Jamaica) Limited
338,70,Oceanic Digital Jamaica Limited
338,180,Cable and Wireless Jamaica Limited
440,0,Emobile Ltd
440,1,NTT DoCoMo
440,2,NTT DoCoMo Kansai
440,3,NTT DoCoMo Hokuriku
440,4,SoftBank Mobile Corp
440,6,Softbank Mobile Corp
440,7,KDDI Corporation
440,8,KDDI Corporation
440,9,NTT DoCoMo Kansai
440,10,NTT DoCoMo
440,11,NTT DoCoMo Tokai
440,12,NTT DoCoMo
440,13,NTT DoCoMo
440,14,NTT DoCoMo Thoku
440,15,NTT DoCoMo
440,16,NTT DoCoMo
440,17,NTT DoCoMo
440,18,NTT DoCoMo Tokai
440,19,NTT DoCoMo Hokkaido
440,20,SoftBank Mobile Corp
440,21,NTT DoCoMo
440,22,NTT DoCoMo Kansai
440,23,NTT DoCoMo Tokai
440,24,NTT DoCoMo Chugoku
440,25,NTT DoCoMo Hokkaido
440,26,NTT DoCoMo Kyushu
440,27,NTT DoCoMo Tohoku
440,28,NTT DoCoMo Shikoku
440,29,NTT DoCoMo
440,30,NTT DoCoMo
440,31,NTT DoCoMo Kansai
440,32,NTT DoCoMo
440,33,NTT DoCoMo Tokai
440,34,NTT DoCoMo Kyushu
440,35,NTT DoCoMo Kansai
440,36,NTT DoCoMo
440,37,NTT DoCoMo
440,38,NTT DoCoMo
440,39,NTT DoCoMo
440,40,Softbank Mobile Corp
440,41,Softbank Mobile Corp
440,42,Softbank Mobile Corp
440,43,Softbank Mobile Corp
440,44,Softbank Mobile Corp
440,45,Softbank Mobile Corp
440,46,Softbank Mobile Corp
440,47,Softbank Mobile Corp
440,48,Softbank Mobile Corp
440,49,KDDI Corporation
440,50,KDDI Corporation
440,51,KDDI Corporation
440,52,KDDI Corporation
440,53,KDDI Corporation
440,54,KDDI Corporation
440,55,KDDI Corporation
440,56,KDDI Corporation
440,58,NTT DoCoMo Kansai
440,60,NTT DoCoMo Kansai
440,61,NTT DoCoMo Chugoku
440,62,NTT DoCoMo Kyushu
440,63,NTT DoCoMo
440,64,Softbank Mobile Corp
440,65,NTT DoCoMo Shikoku
440,66,NTT DoCoMo
440,67,NTT DoCoMo Tohoku
440,68,NTT DoCoMo Kyushu
440,69,NTT DoCoMo
440,70,KDDI Corporation
440,71,KDDI Corporation
440,72,KDDI Corporation
440,73,KDDI Corporation
440,74,KDDI Corporation
440,75,KDDI Corporation
440,76,KDDI Corporation
440,77,KDDI Corporation
440,78,Okinawa Cellular Telephone
440,79,KDDI Corporation
440,80,TU-KA Cellular Tokyo
440,81,TU-KA Cellular Tokyo
440,82,TU-KA Phone Kansai
440,83,TU-KA Cellular Tokai
440,85,TU-KA Cellular Tokai
440,86,TU-KA Cellular Tokyo
440,87,NTT DoCoMo Chugoku
440,88,KDDI Corporation
440,89,KDDI Corporation
440,90,Softbank Mobile Corp
440,91,Softbank Mobile Corp
440,92,SoftBank Mobile Corp
440,93,Softbank Mobile Corp
440,94,Softbank Mobile Corp
440,95,Softbank Mobile Corp
440,96,Softbank Mobile Corp
440,97,Softbank Mobile Corp
440,98,Softbank Mobile Corp
440,99,NTT DoCoMo
416,1,Jordan Mobile Telephone Services
416,2,Xpress
416,3,Umniah
416,77,Petra Jordanian Mobile Telecommunications Company (MobileCom)
401,1,Kar-Tel llc
401,2,GSM Kazakhstan Ltd
401,7,Dalacom (CDMA)
401,8,Kazakhtelecom
401,77,Mobile Telecom Service LLP
639,2,Safaricom Ltd.
639,3,Celtel Kenya Limited
639,5,Telkom Kenya
639,7,Econet Wireless Kenya
545,9,Telecom Services Kiribati Ltd
467,193,Korea Posts and Telecommunications Corporation
450,0,KT
450,2,KT
450,3,Shinsegi Telecom Inc.
450,4,KT
450,5,SK Telecom
450,6,LGT Telcom
450,8,KTF SHOW
419,2,Mobile Telecommunications Company
419,3,Wataniya Telecom
419,4,Kuwait Telecommunication Company
437,1,Bitel GSM
437,3,Aktel Ltd
437,5,MEGACOM
437,9,NurTelecom LLC
457,1,Lao Shinawatra Telecom
457,2,Enterprise of Telecommunications Lao
457,3,Star Telecom Co., Ltd
457,8,Millicom Lao Co Ltd
247,1,Latvian Mobile Phone (LMT)
247,2,Tele2
247,3,Telekom Baltija (CDMA)
247,5,Bite Latvija
247,6,Rigatta
247,7,Master Telecom (MTS)
247,8,IZZI
247,9,Camel Mobile
415,1,MIC 1
415,3,MIC 2
415,5,Ogero Telecom
651,1,Vodacom Lesotho (pty) Ltd.
651,2,Econet Ezin-cel
618,1,Lonestar Cell
618,2,Libercell
618,3,Cellcom
618,4,Comium
618,20,LIB Telco
606,0,Libyana Mobile Phone
606,1,Madar
295,1,Swisscom AG
295,2,Orange AG
295,4,Cubic Telecom AG
295,5,Mobilkom AG (FL1)
295,77,Alpcom AG
246,1,Omnitel
246,2,Bite GSM
246,3,Tele2
270,1,LuxGSM
270,77,Tango
270,99,Orange S.A.
455,0,SmarTone
455,1,C.T.M Telemovel+
455,2,China Telecom
455,3,Hutchison Telecom
455,4,C.T.M Telemovel+
455,5,Hutchison Telecom
294,1,T-Mobile
294,2,Cosmofon
294,3,VIP Operator
646,1,Celtel
646,2,Orange Madagascar S.A
646,3,Madamobil
646,4,Telma Mobile S.A
650,1,Telekom Network Ltd.
650,10,Bharti Airtel Limited
502,0,Art900
502,1,Telekom Malaysia Bhd
502,11,MTX Utara
502,12,Maxis Communications Berhad
502,13,TM Touch
502,16,DIGI
502,17,Maxis
502,18,U Mobile Sdn Bhd
502,19,CelCom
472,1,Dhivehi Raajjeyge Gulhun
472,2,Wataniya Telecom Maldives
610,1,Malitel
610,2,Orange Mali SA
278,1,Vodafone Malta
278,21,Mobisle Communications Limited
278,77,Melita Plc
340,1,Orange Caraïbe Mobiles
340,2,Outremer Telecom
340,3,Saint Martin et Saint Barthelemy Telcell Sarl
340,8,MIO GSM
340,20,DIGICEL Antilles Française Guyane
340,993,Orange Martinique
609,1,Mattel S.A.
609,2,Chinguitel S.A.
609,10,Mauritel Mobiles
617,1,Cellplus Mobile Communications Ltd.
617,2,Mahanagar Telephone (Mauritius) Ltd.
617,10,Emtel Ltd
334,1,Nextel México
334,2,América Móvil
334,3,Telefonica Moviles (Movistar)
334,4,Iusacell / Unefon
334,5,Iusacell / Unefon
334,20,América Móvil
334,50,Iusacell / Unefon
550,1,FSM Telecom
259,1,Orange Moldova GSM
259,2,Moldcell GSM
259,3,Moldtelecom
259,4,Eventis Mobile GSM
259,5,Moldtelecom
212,0,Media Telecom
212,1,Monaco Telecom
212,2,Morocco Wana
428,88,Unitel
428,91,Skytel LLC
428,98,G-Mobile LLC
428,99,Mobicom
297,1,Telenor Montenegro
297,2,T-Mobile Montenegro LLC
297,3,MTEL CG
297,4,T-Mobile Montenegro LLC
354,860,Cable & Wireless West Indies (Montserrat)
604,0,Medi Telecom
604,1,Ittissalat Al Maghrib (Maroc Telecom)
604,2,WANA - Groupe ONA
604,5,WANA - Groupe ON
643,1,Mocambique Celular S.A.R.L
643,3,Movitel
643,4,Vodacom Mozambique, S.A.R.L.
414,1,Myanmar Post and Telecommunication
649,1,Mobile Telecommunications Ltd.
649,2,Switch
649,3,Orascom Telecom Holding
429,1,Nepal Telecommunications
429,2,Spice Nepal Private Ltd.
429,3,Nepal Telecom
429,4,Smart Telecom Pvt. Ltd
204,1,VastMobiel B.V.
204,2,Tele2
204,3,Voiceworks B.V
204,4,Vodafone
204,5,Elephant Talk Communications
204,6,Mundio Mobile Ltd
204,7,Teleena Holding B.V.
204,8,KPN B.V
204,9,Lyca mobile Netherlands Ltd.
204,10,KPN B.V
204,12,Telfort B.V
204,13,Unica Installatietechniek B.V.
204,14,6GMobile B.V
204,15,Ziggo B.V
204,16,T-Mobile
204,17,Intercity Mobile Communications B.V
204,18,UPC Netherlands B.V
204,19,Mixe Communication Solutions B.V
204,20,T-Mobile
204,21,ProRail B.V
204,22,Ministerie van Defensie
204,23,ASPIDER Solutions B.V
204,24,Private Mobility Netherlands B.V
204,25,CapX B.V.
204,26,SpeakUp B.V
204,27,Brezz Nederland B.V
204,28,Lancelot B.V
204,67,RadioAccess B.V.
204,68,Unify Group Holding B.V
204,69,KPN B.V
362,51,TelCell
362,69,Digicel
362,76,Antiliano Por N.V.
362,91,UTS
362,94,Bayos
362,95,MIO
362,630,Cingular Wireless
362,951,UTS Wireless Curacao
546,1,OPT Mobilis
530,0,Telecom New Zealand
530,1,Vodafone New Zealand
530,2,Telecom New Zealand
530,3,Woosh Wireless New Zealand
530,4,TelstraClear New Zealand
530,5,Telecom New Zealand
530,6,Skinny
530,24,2degrees
530,28,Econet Wireless New Zealand GSM Mobile Network
530,55,Cable & Wireless Guernsey Ltd
710,21,Empresa Nicaragüense de Telecomunicaciones, S.A. (ENITEL)
710,30,Telefónica Móviles de Nicaragua S.A.
710,73,Servicios de Comunicaciones, S.A. (SERCOM)
710,730,SERCOM S.A. (Nicaragua)
614,1,Sahel.Com
614,2,Celtel
614,3,Telecel Niger SA
614,4,Orange
621,20,Bharti Airtel Ltd
621,25,Vidafone Communications Ltd.
621,30,MTN Nigeria Communications
621,40,Nigerian Mobile Telecommunications Ltd.
621,50,Globacom Ltd
621,60,Etisalat Ltd.
242,1,Telenor Norway AS
242,2,TeliaSonera Norway AS
242,3,Teletopia Gruppen AS
242,4,Tele2 Norway AS
242,5,Network Norway AS
242,6,ICE Norge AS
242,7,Ventelo Norway AS
242,8,TDC Mobil AS
242,9,Com4 AS
242,11,Systemnet AS
242,12,Telenor Norway AS
242,20,Jernbaneverket
242,21,Jernbaneverket
242,22,Network Norway AS
242,23,Lyca Mobile Ltd
422,2,Oman Mobile Telecommunications Company
422,3,Oman Qatari Telecommunications Company (Nawras)
422,4,Oman Telecommunications Company (Omantel)
410,1,Mobilink-PMCL
410,3,Pakistan Telecommunication Mobile Ltd
410,4,China Mobile
410,6,Telenor Pakistan
410,7,WaridTel
410,8,Instaphone (AMPS/CDMA)
552,1,Palau National Communications Corp. (a.k.a. PNCC)
552,80,Palau Mobile Corporation
714,1,Cable & Wireless Panama S.A.
714,2,Telefonica Moviles Panama S.A
714,3,América Móvil
714,4,Group
714,20,Movistar
537,1,Pacific Mobile Communications
537,2,Greencom
537,3,Digicel PNG
744,1,Hola Paraguay S.A
744,2,AMX Paraguay S.A.
744,3,Compañia Privada de Comunicaciones S.A.
744,4,Telefonica Celular Del Paraguay S.A. (Telecel)
744,5,Núcleo S.A
716,6,Telefónica Móviles Perú
716,7,Nextel
716,10,América Móvil Perú
716,17,NII Holdings
515,1,Globe Telecom via Innove Communications
515,2,Globe Telecom
515,3,PLDT via Smart Communications
515,5,Digital Telecommunications Philippines
515,11,PLDT via ACeS Philippines
515,18,PLDT via Smarts Connectivity Unlimited Resources Enterprise
515,88,Nextel
260,1,Plus GSM (Polkomtel S.A.)
260,2,ERA GSM (Polska Telefonia Cyfrowa Sp. Z.o.o.)
260,3,Orange
260,4,Netia S.A
260,5,Polska Telefonia Komórkowa Centertel Sp. z o.o.
260,6,Play (P4)
260,7,Netia S.A
260,8,E-Telko Sp. z o.o.
260,9,Telekomunikacja Kolejowa (GSM-R)
260,10,Sferia S.A.
260,12,Cyfrowy Polsat S.A.
260,14,Sferia S.A
260,15,CenterNet S.A.
260,16,Mobyland Sp. z o.o.
260,17,Aero 2 Sp. z o.o.
268,1,Vodafone Portugal
268,3,Sonaecom – Serviços de Comunicações, S.A.
268,5,Oniway - Inforcomunicaçôes, S.A.
268,6,Telecomunicações Móveis Nacionais
268,21,Zapp Portugal
330,10,Cingular Wireless
330,11,Puerto Rico Telephone Company
427,1,Qtel
427,2,Vodaphone Quatar
629,1,Celtel Congo
629,7,MTN CONGO S.A
629,10,Libertis Telecom
647,0,Orange
647,2,Outremer Telecom
647,10,SFR Reunion
647,995,SRR Mayotte
647,997,Orange Mayotte
226,1,Vodafone Romania SA
226,2,Romtelecom
226,3,Cosmote (Zapp)
226,4,Cosmote (Zapp)
226,5,Digi mobil
226,6,Cosmote
226,10,Orange Romania
250,1,Mobile TeleSystems
250,2,MegaFon OJSC
250,3,Nizhegorodskaya Cellular Communications
250,4,Sibchallenge
250,5,Yeniseytelecom
250,6,CJSC Saratov System of Cellular Communications
250,7,Zao SMARTS
250,9,Khabarovsky Cellular Phone
250,10,Don Telecom
250,11,Orensot
250,12,Baykal Westcom / Akos
250,13,Kuban GSM
250,15,SMARTS Ufa, SMARTS Uljanovsk
250,16,New Telephone Company
250,17,JSC Uralsvyazinform
250,19,Indigo
250,20,Tele2
250,23,Mobicom - Novisibirsk
250,28,Beeline
250,35,MOTIV
250,37,ZAO Kodotel
250,38,Tambov GSM
250,39,Uralsvyazinform
250,44,Stuvtelesot
250,92,MTS - Primtelefon
250,93,Telecom XXI
250,99,OJSC VimpelCom
250,801,EastWest Telecom
250,802,MCS Pvolzhie
250,803,Mobicom-Caucasus
250,804,Sonic Duo
250,805,RTCOM
250,806,Smolensk Cellular
250,807,ST Mobile
250,808,Siberian Cellular Comms (Omsk)
250,809,Corporation Severnaya Corona
250,810,Tatincom-T
250,811,Votek Mobile
635,10,MTN Rwandacell SARL
635,11,Rwandatel (CDMA)
635,12,Rwandatel (GSM)
635,13,TIGO RWANDA S.A
356,50,Digicel
356,70,UTS
356,110,Cable & Wireless
358,30,Cingular Wireless
358,50,Digicel (St Lucia) Limited
358,110,Cable & Wireless
360,10,Cingular Wireless
360,70,Digicel (St. Vincent and Grenadines) Limited
360,100,Cingular Wireless
360,110,Cable & Wireless
549,1,Digicel Pacific Ltd.
549,27,SamoaTel Ltd
626,1,Companhia Santomese de Telecomunicaçôes
420,1,Saudi Telecom Company
420,3,Etihad Etisalat Company
420,4,Zain SA
420,7,EAE
608,1,Sonatel
608,2,Millicom
608,3,Sudatel
220,1,Telenor Serbia
220,2,Telenor Montenegro
220,3,Telekom Srbija a.d.
220,4,Monet
220,5,Vip mobile d.o.o.
633,1,Cable & Wireless (Seychelles) Ltd.
633,2,Mediatech International Ltd.
633,10,Telecom (Seychelles) Ltd.
619,1,Bharti Airtel Ltd
619,2,Millicom (SL) Ltd
619,3,Lintel Sierra Leone Ltd
619,4,Comium (Sierra Leone) Ltd.
619,5,Lintel (Sierra Leone) Ltd.
619,25,Mobitel
619,40,Datatel (SL) Ltd GSM
619,50,Dtatel (SL) Ltd CDMA
619,999,Sierratel
525,1,Singapore Telecom
525,2,Singapore Telecom
525,3,MobileOne Asia
525,5,StarHub Mobile
525,12,Digital Trunked Radio Network
231,1,Orange Slovensko
231,2,T-Mobile Slovensko
231,3,Unient Communications
231,4,T-Mobile Slovensko
231,5,Orange Slovensko
231,6,Telefónica O2
231,15,Orange Slovensko
231,99,Železnice Slovenskej Republiky
293,40,SI Mobil D.D
293,41,Ipkonet
293,64,T-2 d.o.o.
293,70,Tusmobil d.o.o.
540,1,Solomon Telekom Co Ltd
540,10,Breeze
637,1,Telesom
637,4,Somafone FZLLC
637,10,NationLink Telecom
637,19,Hormuud Telecom
637,25,Hormuud Telecom Somalia Inc
637,30,Golis Telecom Somalia
637,62,Telecom Mobile
637,65,Telecom Mobile
637,82,Telcom Somalia
655,1,Vodacom (Pty) Ltd.
655,2,Telkom
655,4,Sasol (PTY) LTD
655,6,Sentech (Pty) Ltd.
655,7,Cell C (Pty) Ltd.
655,10,Mobile Telephone Networks
655,11,SAPS Gauteng
655,13,Neotel
655,19,Wireless Business Solutions
655,21,Cape Town Metropolitan Council
655,25,Wirels Connect
655,30,Bokamoso Consortium
655,31,Karabo Telecoms (Pty) Ltd.
655,32,Ilizwi Telecommunications
655,33,Thinta Thinta Telecommunications
655,34,Bokone Telecoms
655,35,Kingdom Communications
655,36,Amatole Telecommunication Services
655,41,South African Police Service
659,1,Vivacell
214,1,Vodafone Spain
214,3,France Telecom España SA
214,4,Xfera Moviles SA
214,5,Telefónica Móviles España
214,6,Vodafone Spain
214,7,Telefónica Móviles España
214,8,Euskaltel
214,9,France Telecom España SA
214,15,BT Group España Compañia de Servicios Globales de Telecomunicaciones S.A.U.
214,16,Telecable de Asturias S.A.U.
214,17,R Cable y Telecomunicaciones Galicia S.A.
214,18,Cableuropa S.A.U.
214,19,E-PLUS Moviles Virtuales España S.L.U. (KPN)
214,20,Fonyou Telecom S.L.
214,21,Jazz Telecom S.A.U.
214,22,Best Spain Telecom
214,23,Barablu Movil Espana
214,24,Eroski Móvil España
214,25,LycaMobile S.L.
214,33,France Telecom España SA
413,1,Sri Lanka Telecom Mobitel
413,2,Dialog Telekom
413,3,Emirates Telecommunication Corporation
413,5,Bharti Airtel
413,8,Hutchison Telecommunications Lanka (Pvt) Limited
658,0,Cable & Wireless Plc
308,1,St. Pierre-et-Miquelon Télécom
634,1,Zain Group - Sudan
634,2,MTN Sudan
634,5,Wawat Securities
634,7,Sudatel Group
746,1,Telecommunications Company Suriname
746,2,Telecommunications Company Suriname
746,3,Digicel Group Limited
746,4,Intelsur N.V. / UTS N.V.
653,10,Swazi MTN
240,0,Direct2 Internet
240,1,Telia Sonera AB
240,2,H3G Access AB
240,3,Netett Sverige AB
240,5,Svenska UMTS-Nät
240,6,Telenor Sweden AB
240,7,Tele2 Sweden AB
240,8,Telenor Sweden AB
240,9,Djuice Mobile Sweden
240,10,Spring Mobil AB
240,11,Lindholmen Science Park
240,12,Lycamobile AB
240,13,Ventelo Sweden AB
240,14,TDC Mobil AS
240,15,Wireless Maingate
240,16,42 Telecom AB
240,17,Götalandsnätet AB
240,18,Generic Mobile Systems Sweden AB
240,19,Mudio Mobile Sweden
240,20,Imez AB
240,22,EuTel
240,23,Infobip Ltd
240,25,Digitel Mobile Srl
240,26,Beepsend
240,27,MyIndian AB
240,28,CoolTEL Aps
240,29,Mercury International Carrier Services
240,30,NextGen Mobile Ltd
240,32,CompaTel Ltd.
240,34,Tigo LTD
240,36,Interactive digital media GmbH
240,41,Shyam Telecom UK Ltd
240,89,ACN Communications Sweden AB
240,500,Unknown
240,503,Unknown
228,1,Swisscom Ltd
228,2,Sunrise Communications AG
228,3,Orange Communications SA
228,5,Togewanet AG (Comfone)
228,6,SBB AG
228,7,IN&Phone SA
228,8,Tele2 Telecommunications AG
228,9,Comfone AG
228,12,Sunrise
228,50,3G Mobile AG
228,51,Bebbicell AG
228,52,Barablu Mobile AG
228,53,UPC Cablecom GmbH
228,54,Lyca Mobile AG
417,1,Syriatel Mobile Telecom
417,2,MTN Syria
466,1,Far EasTone Telecommunications Co Ltd
466,5,Asia Pacific Telecom
466,6,Tuntex Telecom
466,11,LDTA/Chungwa Telecom
466,68,ACeS Taiwan Telecommunications Co Ltd
466,88,KG Telecom
466,89,VIBO Telecom
466,92,Chunghwa Telecom LDM
466,93,Mobitai Communications
466,97,Taiwan Cellular Corporation
466,99,TransAsia Telecoms
436,1,JV Somoncom
436,2,Indigo Tajikistan
436,3,TT Mobile
436,4,Babilon-Mobile
436,5,Vimpelcom
436,12,Indigo
640,1,Tri Telecommunication (T) Ltd.
640,2,MIC Tanzania Ltd
640,3,Zanzibar Telecom Ltd
640,4,Vodacom Tanzania Ltd
640,5,Bharti Airtel
640,6,Dovetel Ltd
640,7,Tanzania Telecommunication Company LTD
640,8,Benson Informatics Ltd
640,9,ExcellentCom Tanzania Ltd
640,11,Smile Telecoms Holdings Ltd
520,0,CAT CDMA
520,1,Advanced Info Service
520,2,CAT Telecom
520,10,WCS
520,15,elephone Organization of Thailand
520,18,Total Access Communications Co (DTAC)
520,23,Digital Phone (AIS)
520,88,True Corporation
520,99,True Corporation
514,2,Timor Telecom
615,1,Togo Telecom
615,2,Telecel
615,3,Moov Togo
615,5,Telecel
539,1,Tonga Communications Corporation
539,43,Shoreline Communication
539,88,Digicel
374,12,BMobile
374,13,Digicel
374,140,LaqTel Ltd.
605,1,Orange Tunisia
605,2,Tunisie Telecom
605,3,Orascom Telecom
286,1,Turkcell Iletisim Hizmetleri A.S.
286,2,Vodafone
286,3,Avea
286,4,Aycell
438,1,Barash Communication Technologies (BCTI)
438,2,TM-Cell
376,5,Digicel (Turks & Caicos) Limited
376,350,Cable & Wireless West Indies Ltd (Turks & Caicos)
376,352,IslandCom Communications Ltd.
641,1,Celtel Uganda
641,10,MTN Uganda Ltd.
641,11,Uganda Telecom Ltd.
641,14,Orange Uganda
641,22,Warid Telecom Uganda Ltd.
234,0,British Telecom
234,1,Mudio Mobile Ltd
234,2,O2 UK Ltd
234,3,Jersey Airtel Ltd
234,4,FMS Solutions Ltd
234,5,COLT Mobile Telecommunications Ltd
234,6,Internet Computer Bureau Ltd
234,7,Cable and Wireless Plc
234,8,OnePhone Ltd
234,9,Tismi BV
234,10,Telefónica Europe
234,11,Telefónica Europe
234,12,Network Rail Infrastructure Ltd
234,13,Network Rail Infrastructure Ltd
234,14,Hay Systems Ltd
234,15,Vodafone Ltd
234,16,Talk Talk Communications Ltd
234,17,Flextel Ltd
234,18,Wire9 Telecom Plc
234,19,Teleware Plc
234,20,Hutchison 3G UK Ltd
234,22,Routo Telecommunications Ltd
234,24,Stour Marine
234,25,Truphone (UK)
234,30,Everything Everywhere Ltd
234,31,Virgin Media (MVNO on EE)
234,32,Virgin Media (MVNO on EE)
234,33,Everything Everywhere Ltd
234,34,Everything Everywhere Ltd
234,35,JSC Ingenium Ltd
234,37,Synectiv Ltd
234,50,Jersey Telecom GSM
234,55,Cable and Wireless Plc
234,58,Manx Telecom
234,60,Dobson Telephone Co
234,75,Inquam Telecom Ltd.
234,76,British Telecom
234,78,Airwave
234,91,Vodafone United Kingdom
234,95,Network Rail Infrastructure Ltd
234,995,Guernsey Airtel
255,1,Ukrainian Mobile Communication, UMC
255,2,Ukranian Radio Systems, URS
255,3,Kyivstar GSM JSC
255,4,Intertelecom
255,5,Golden Telecom
255,6,Astelit
255,7,Ukrtelecom
255,21,CJSC - Telesystems of Ukraine
255,23,CDMA Ukraine
255,25,CST Inves
255,39,Golden Telecom GSM
255,50,Ukrainian Mobile Communications
255,67,Kyivstar
255,68,Wellcom
424,2,E mirates Telecom Corp
424,3,Emirates Integrated Telecommunications Company
316,11,Southern Communications Services
748,0,Compania estatal (ANTEL)
748,1,Compania estatal (ANTEL)
748,3,Ancel
748,7,Telefónica Móviles Uruguay
748,10,AM Wireless Uruguay S.A.
434,1,Buztel
434,2,Uzmacom
434,4,Unitel LLC
434,5,Coscom
434,6,Perfectum Mobile
434,7,Uzdunrobita
541,1,Telecom Vanatou
541,5,Digicel
734,1,Digitel
734,2,Digitel
734,3,Digitel
734,4,Movistar
734,6,Movilnet
452,1,Vietnam Mobile Telecom (VMS)
452,2,Vinaphone
452,3,S-Telecom
452,4,Viettel Corporation (Viettel Mobile)
452,5,Hanoi Telecom
452,6,EVN Telecom
452,7,GTEL Mobile JSC
421,1,SabaFon
421,2,Spacetel Yemen
421,3,Yemen Mobile
421,4,Y
645,1,Zain
645,2,MTN
645,3,Zamtel
648,1,Net*One Cellular Ltd
648,3,Telecel Zimbabwe Ltd
648,4,Econet Wireless
310,0,Unknown
310,2,Sprint Spectrum
310,3,Verizon Wireless
310,4,Verizon Wireless
310,5,Verizon Wireless
310,6,Consolidated Telcom
310,7,AT&T
310,8,AT&T
310,9,AT&T
310,10,Verizon Wireless
310,11,Southern Communications Services Inc.
310,12,Verizon Wireless
310,13,Alltel Wireless
310,14,Testing
310,15,Southern Communications dba Southern LINC
310,16,Cricket Wireless
310,17,North Sight Communications Inc.
310,20,Union Telephone Company
310,23,VoiceStream 23
310,24,VoiceStream 24
310,25,VoiceStream 25
310,26,T-Mobile
310,30,AT&T
310,31,AERIAL
310,32,IT&E Overseas, Inc.
310,34,Airpeak
310,38,USA 3650 AT&T
310,40,Concho Cellular Telephone Co., Inc.
310,46,TMP Corp
310,50,ACS Wireless Inc.
310,60,Consolidated Telcom
310,70,Highland Cellular, Inc.
310,80,Corr Wireless Communications LLC
310,90,Cricket Wireless
310,100,Plateau Wireless
310,110,PTI Pacifica
310,120,Sprint
310,130,Carolina West Wireless
310,140,GTA Wireless LLC
310,150,Cricket Wireless
310,160,T-Mobile
310,170,Cingular Wireless
310,180,West Central Wireless
310,190,Alaska Wireless Communications LLC
310,200,T-Mobile
310,210,T-Mobile
310,220,T-Mobile
310,230,T-Mobile
310,240,T-Mobile
310,250,T-Mobile
310,260,T-Mobile
310,270,T-Mobile
310,280,Verizon Wireless
310,290,T-Mobile
310,300,Smart Call (Truphone)
310,310,T-Mobile
310,311,Farmers Wireless
310,320,Smith Bagley Inc, dba Cellular One
310,330,T-Mobile
310,340,Westlink Communications
310,350,Mohave Cellular L.P.
310,360,Cellular Network Partnership dba Pioneer Cellular
310,370,Guamcell Cellular and Paging
310,380,AT&T
310,390,Verizon Wireless
310,400,Wave Runner LLC
310,410,AT&T
310,420,Cincinnati Bell Wireless LLC
310,430,Alaska Digitel LLC
310,440,Numerex Corp.
310,450,Viaero Wireless
310,460,TMP Corp
310,470,nTelos
310,480,Verizon Wireless
310,490,T-Mobile
310,500,Alltel
310,510,Airtel Wireless LLC
310,520,VeriSign
310,530,West Virginia Wireless
310,540,Oklahoma Western Telephone Company
310,550,Wireless Solutions International
310,560,AT&T
310,570,MTPCS LLC dba Cellular One
310,580,T-Mobile
310,590,Alltel
310,600,Cellcom
310,610,Elkhart Telephone Co.
310,620,Coleman County Telecommunications Inc. (Trans Texas PCS)
310,630,Choice Wireless
310,640,Airadigm Communications
310,650,Jasper Wireless Inc.
310,660,MetroPCS
310,670,Northstar
310,680,AT&T
310,690,Conestoga Wireless Company
310,700,Cross Valiant Cellular Partnership
310,710,Arctic Slopo Telephone Association Cooperative
310,720,Wireless Solutions International Inc.
310,730,SeaMobile
310,740,Convey Communications Inc.
310,750,East Kentucky Network LLC dba Appalachian Wireless
310,760,Panhandle Telecommunications Systems Inc.
310,770,I Wireless
310,780,Connect Net Inc
310,790,PinPoint Communications Inc.
310,800,T-Mobile
310,810,Brazos Cellular Communications Ltd.
310,820,South Canaan Cellular Communications Co. LP
310,830,Caprock Cellular Ltd. Partnership
310,840,Telecom North America Mobile, Inc.
310,850,Aeris Communications, Inc.
310,860,TX RSA 15B2, LP dba Five Star Wireless
310,870,Kaplan Telephone Company Inc.
310,880,Advantage Cellular Systems, Inc.
310,890,Verizon Wireless
310,900,Mid-Rivers Communications
310,910,Verizon Wireless
310,920,Get Mobile
310,930,Copper Valley Wireless
310,940,Poka Lambro Telecommunications Ltd.
310,950,Iris Wireless LLC
310,960,Texas RSA 1 dba XIT Cellular
310,970,Globalstar USA
310,980,New Cingular Wireless PCS LLC
310,990,E.N.M.R. Telephone Cooperative
311,0,Mid-Tex Cellular Ltd.
311,10,Chariton Valley Communications
311,12,Verizon Wireless
311,20,Missouri RSA 5 Partnership
311,30,Indigo Wireless
311,40,Commnet Wireless
311,50,Wikes Cellular
311,60,Farmers Cellular Telephone
311,70,AT&T
311,80,Pine Telephone Company
311,90,Long Lines Wireless LLC
311,100,High Plains Wireless
311,110,High Plains Wireless
311,130,Alltel
311,140,MBO Wireless
311,150,Wilkes Cellular
311,170,Broadpoint Inc
311,190,Cellular Properties
311,210,Farmers Cellular Telephone
311,220,U.S. Cellular
311,230,C Spire Wireless
311,260,Cellular One
311,270,Lamar Country Cellular
311,290,NEP Wireless
311,330,Michigan Wireless, LLC
311,370,GCI Wireless
311,390,Verizon Wireless
311,480,Verizon Wireless
311,490,Virgin Mobile
311,530,NewCore Wireless
311,580,U.S. Cellular
311,660,Metro PCS
311,870,Boost
289,88,A-Mobile
289,67,Aquafon
289,68,A-Mobile
412,1,Afghan Wireless Communication Company
412,20,Telecom Development Company Afghanistan Ltd.
412,40,MNT Group Afganistan
412,50,Etisalat Afghanistan
276,1,Albanian Mobile Communications
276,2,Vodafone Albania
276,3,Eagle Mobile
276,4,Plus Communcation
603,1,ATM Mobilis
603,2,Orascom Telecom Algerie Spa
603,3,Wataniya Telecom Algerie
544,11,Blue Sky Communications
213,3,Servei De Tele. DAndorra
631,2,Unitel S.a.r.l.
631,3,Movicel
631,4,Movicel
365,5,Mossel Ltd (Digicel)
365,10,Weblinks Limited
365,840,Cable & Wireless
344,30,Antigua Public Utilities Authority
344,50,Antigua Wireless Ventures Limited
344,920,Cable & Wireless (Antigua)
344,930,Antigua Wireless Ventures Limited
722,1,Telefonica Móviles Argentina SA
722,2,Nll Holdings
722,7,Telefonica Móviles Argentina SA
722,10,Telefonica Móviles Argentina SA
722,20,Nll Holdings
722,34,Telecom Personal S.A.
722,35,Hutchison Telecommunications Argentina S.A.
722,36,Telecom Personal S.A.
722,40,TE.SA.M Argentina S.A
722,70,Telefonica Móviles Argentina SA
722,310,AMX Argentina S.A
722,320,AMX Argentina S.A
722,330,AMX Argentina S.A
722,340,Telecom Personal S.A.
722,341,Telecom Personal S.A.
722,350,Hutchison Telecommunications Argentina S.A.
283,1,ArmenTel
283,4,Karabakh Telecom
283,5,K Telecom CJSC
283,10,Orange Armenia
283,77,K Telecom
363,1,Servicio di Telecomunicacio di Aruba
363,2,Digicel
505,1,Telstra Corporation Ltd.
505,2,Optus Mobile Pty. Ltd.
505,3,Vodafone Network Pty. Ltd.
505,4,Department of Defence
505,5,The Ozitel Network Pty. Ltd.
505,6,Hutchison 3G Australia Pty. Ltd.
505,8,One.Tel GSM 1800 Pty. Ltd.
505,9,Airnet Commercial Australia Ltd.
505,11,Telstra Corporation Ltd.
505,12,Hutchison 3G Australia Pty. Ltd.
505,13,Rail Corporation New South Wales
505,14,Telecom New Zealand
505,15,3GIS Pty Ltd. (Telstra & Hutchison 3G)
505,21,TPG Telecom Limited
505,24,Advanced Communications Technologies Pty. Ltd.
505,38,Vodafone Hutchison Australia Proprietary Limited
505,71,Telstra Corporation Ltd.
505,72,Telstra Corporation Ltd.
505,88,Localstar Holding Pty. Ltd.
505,90,Optus Ltd.
505,99,One.Tel GSM 1800 Pty. Ltd.
232,1,A1 Telekom Austria
232,2,A1 Telekom Austria
232,3,T-Mobile
232,5,Orange
232,6,Orange
232,7,tele.ring
232,9,A1 Telekom Austria
232,10,Hutchison 3G Austria
232,11,A1 Telekom Austria
232,12,Yesss (Orange)
232,14,Hutchison 3G Austria
232,15,Barablu Mobile Ltd
232,91,ÖBB
400,1,Azercell Limited Liability Joint Venture
400,2,Bakcell Limited Liabil ity Company
400,3,Catel
400,4,Azerfon
364,39,The Bahamas Telecommunications Company Ltd
364,390,The Bahamas Telecommunications Company Ltd
426,1,Bahrain Telecommunications Company
426,2,Zain Bahrain
426,4,STC Bahrain
470,1,GrameenPhone Ltd
470,2,Axiata Bangladesh Ltd.
470,3,Orascom Telecom Holding
470,4,TeleTalk
470,5,Citycell
470,6,Airtel
470,7,Aritel
342,50,Digicel Barbados
342,600,Lime (Cable & Wireless)
342,750,Digicel
342,810,Cingular Wireless
342,820,Sunbeach Communications
257,1,MDC Velcom
257,2,Mobile TeleSystems
257,3,BelCel
257,4,Belarussian Telecommunications Network
257,501,BelCel JV
206,1,Belgacom Mobile
206,5,Telenet
206,10,France Telecom
206,20,KPN
702,67,Belize Telemedia
702,68,International Telecommunications Ltd. (INTELCO)
702,99,SpeedNet Communications Ltd
616,0,BBCOM
616,1,Benin Telecoms Mobile
616,2,Telecel Benin
616,3,Spacetel Benin
616,4,Bell Benin Communications
616,5,Glo Communications
350,1,Cingular GSM 1900
350,2,M3 Wireless
350,10,Cingular Wireless
350,38,Mossel (Digicel)
402,11,Bhutan Telecom Ltd
402,17,B-Mobile of Bhutan Telecom
402,77,Tashi InfoComm Limited
736,1,Nuevatel S.A.
736,2,ENTEL S.A.
736,3,Telefonica Celular De Bolivia S.A
736,20,Entel BOlivia
218,3,Public Enterprise Croatian Telecom Ltd.
218,5,RS Telecommunications JSC Banja Luka
218,90,BH Telecom
652,1,Mascom Wireless (Pty) Ltd.
652,2,Orange Botswana (Pty) Ltd.
652,4,Botswana Telecommunications Corporation
724,0,Nll Holdings, INC.
724,1,CRT Cellular
724,2,Telecom Italia Mobile
724,3,Telecom Italia Mobile
724,4,Telecom Italia Mobile
724,5,Claro
724,6,Vivo S.A
724,7,CTBC Telecom
724,8,Telecom Italia Mobile
724,9,Telepar Cel
724,10,Vivo S.A
724,11,Vivo S.A
724,12,Americel
724,13,Telesp Cel
724,14,Maxitel BA
724,15,Sercomtel Celular
724,16,Brasil Telecom Celular S.A
724,17,Ceterp Cel
724,18,Norte Brasil Tel
724,19,Telemig Cel
724,21,Telerj Cel
724,23,Vivo S.A
724,24,Amazonia Celular S/A
724,25,Telebrasilia Cel
724,27,Telegoias Cel
724,29,Telemat Cel
724,31,TNL PCS
724,32,CTBC Celular
724,33,CTBC Celular
724,34,CTBC Celular
724,35,Telebahia Cel
724,37,Unicel Do Brasil
724,39,NII Holdings Inc
724,41,Telpe Cel
724,43,Telepisa Cel
724,45,Telpa Cel
724,47,Telern Cel
724,48,Teleceara Cel
724,51,Telma Cel
724,53,Telepara Cel
724,55,Teleamazon Cel
724,57,Teleamapa Cel
724,59,Telaima Cel
348,170,Cabel & Wireless (west Indies)
348,570,Caribbean Cellular Telephone, Boatphone Ltd.
348,770,Digicel (BVI) Limited
528,1,Jabatan Telekom Brunei
528,2,B-Mobile Communications Sdn Bhd
528,11,DST Com
284,1,M-Tel GSM BG
284,3,BTC Mobile
284,5,Globul
284,6,BTC Mobile
613,1,Onatal
613,2,Celtel Burkina Faso
613,3,Telcel Faso SA
642,1,Econet Wireless Burundi PLC
642,2,Africell PLC
642,3,Onatel
642,7,LACELL SU
642,8,HiTs Telecom
642,82,U-COM Burundi S.A.
456,1,CamGSM
456,2,Telekom Malaysia International (Cambodia) Co. Ltd
456,3,S Telecom (reserved)
456,4,Cambodia Advance Communications Co. Ltd
456,5,Applifone Co. Ltd
456,6,Latelz Co. Ltd
456,8,Viettel
456,9,Sotelco Ltd.
456,11,Excell
456,18,Camshin (Shinawatra)
624,1,Mobile Telephone Networks Cameroon
624,2,Orange Cameroun
302,220,Telus Mobility
302,221,Telus Mobility (Unknown)
302,290,Aurtek Wurekess
302,320,Dave Wireless
302,350,FIRST Networks Operations
302,360,Telus Mobility
302,361,Telus Mobility
302,370,Fido Solutions (Rogers Wireless)
302,380,Dryden Mobility
302,490,Globalive Communications
302,500,Videotron
302,510,Videotron
302,610,Bell Mobility
302,620,ICE Wireless
302,640,Bell Mobility
302,651,Bell Mobility
302,652,BC Tel Mobility
302,653,Telus Mobility
302,654,Sask Tel Mobility
302,655,MTS Mobility
302,656,Thunder Bay Telephone Mobility
302,657,Telus Mobility
302,680,SaskTel Mobility
302,701,MB Tel Mobility
302,702,MT&T Mobility (Aliant)
302,703,New Tel Mobility (Aliant
302,710,Globalstar Canada
302,720,Rorges Communications
302,780,SaskTel Mobility
302,880,Shared Telus, Bell, and SaskTel
625,1,CVMovel, S.A.
625,2,T+Telecomunicaçôes
346,50,Digicel Cayman Ltd.
346,140,Cable & Wireless (Cayman) Limited
623,1,Atlantique Telecom Centrafrique SA
623,2,Telecel Centrafrique (TC)
623,3,Orange RCA
623,4,Nationlink Telecom RCA
622,1,CelTel Tchad SA
622,2,Tchad Mobile
622,3,Millicom Tchad
622,4,Sotel Mobile
730,1,Entel PCS Telecomunicaciones S.A.
730,2,Telefónica Móvil de Chile
730,3,Claro Chile S.A.
730,4,Centennial Cayman Corp. Chile S.A.
730,5,VTW S.A.
730,9,Centennial Cayman Corp. Chile
730,10,Entel Telefonia Móvil S.A.
730,99,WILL Telefonia
460,0,China Mobile
460,1,China Unicom
460,2,Liaoning PPTA
460,3,China Unicom CDMA
460,4,China Satellite Global Star Network
460,5,China Telecom
460,6,China Unicom
460,7,China Mobile
460,20,China Tietong (GSM-R)
732,1,Colombia Telecomunicaciones S.A.
732,2,Edatel S.A.
732,20,Emtelsa
732,99,Emcali
732,101,Comcel S.A. Occel S.A./Celcaribe
732,102,Bellsouth Colombia S.A.
732,103,Colombia Móvil S.A.
732,111,Colombia Móvil S.A.
732,123,Telefónica Móviles Colombia
732,130,Avantel
654,1,HURI - SNPT
548,1,Telecom Cook
712,1,Instituto Costarricense de Electricidad - ICE
712,2,Instituto Costarricense de Electricidad - ICE
712,3,Gruop ICE
612,1,Cora de Comstar
612,2,Moov
612,3,Orange
612,4,Koz
612,5,MTN
612,6,OriCel
219,1,T-Mobile
219,2,Tele2
219,10,VIPnet
368,1,Empresa de Telecomunicaciones de Cuba, SA
280,0,Areeba Ltd.
280,1,CYTA
280,10,Areeba Ltd
280,20,Primetel PLC
230,1,T-Mobile Czech Republic a.s.
230,2,Telefónica O2 Czech Republic a.s.
230,3,Vodafone Czech Republic a.s.
230,4,Mobilkom a.s.
230,5,Travel Telecomunication s.r.o.
230,6,Osno Telecomunication s.r.o.
230,10,Telefónica O2 Czech Republic a.s.
230,98,Sprava Zeleznicni Dopravni Cesty
230,99,Vodafone Czech Republic a.s. R&D Centre
630,1,Vodacom Congo RDC sprl
630,2,Celtel Congo
630,5,Supercell Sprl
630,10,Libertis Telecom
630,86,Congo-Chine Telecom s.a.r.l.
630,88,Yozma Timeturns
630,89,Sait-Télécom SPRL
238,1,TDC Mobil APS
238,2,Telenor Denmark
238,3,End2End
238,5,Dansk Beredskapskommunikasjon
238,6,H3G APS
238,7,Mundio Mobile
238,8,Nordisk Mobiltelefon
238,10,TDC Mobil APS
238,12,Lyca Mobile Denmark Ltd
238,20,Telia Sonera APS
238,23,Banedanmark
238,30,Telia Sonera APS
238,40,Ericsson Danmark A/S
238,77,Telenor Denmark
638,1,Evatis
366,20,Cingular Wireless
366,110,Cable & Wireless Dominica Ltd.
370,1,Orange Dominicana, S.A.
370,2,Compañía Dominicana de Teléfonos, C por
370,3,Tricom S.A.
370,4,Trilogy Dominicana, S.A.
740,0,Otecel S.A. - Bellsouth
740,1,América Móvil
740,2,Telecsa S.A.
602,1,EEMS - Mobinil
602,2,Vodafone Egypt
602,3,Etisalat Egypt
706,1,CTE Telecom Personal, S.A. de C.V.
706,2,Digicel Group
706,3,Telemovil EL Salvador S.A.
706,4,Telefónica Móviles El Salvador
706,10,América Móvil
627,1,Guinea Ecuatorial de Telecomunicaciones Sociedad Anónima
627,3,HiTs EG.SA
248,1,EMT GSM
248,2,Elisa Eesti
248,3,Tele 2 Eesti
248,4,OY Top Connect
248,5,AS Bravocom Mobiil
248,6,OY ViaTel (UMTS)
248,7,Televõrgu AS
248,71,Siseministeerium (Ministry of Interior)
636,1,Ethiopian Telecoms Auth. (ETH MTN)
750,1,Touch
288,1,Faroese Telecom - GSM
288,2,Vodafone Faroe Islands
542,1,Vodafone
542,2,Digicel Fiji
244,3,DNA Oy
244,5,Elisa Oyj
244,7,Nokia test network
244,8,Unknown network/operator
244,9,Finnet Group
244,10,TDC Oy
244,11,Soumen Erillisverkot Oy
244,12,DNA Oy
244,14,Alands Mobiltelefon AB
244,15,Samk student network
244,16,Oy Finland Tele2 AB
244,21,Saunalahti
244,29,Scnl Truphone
244,41,Saunalahti
244,91,TeliaSonera Finland Oyj
208,0,France Telecom
208,1,France Telecom
208,2,France Telecom
208,5,Globalstar Europe
208,6,Globalstar Europe
208,7,Globalstar Europe
208,10,Vivendi
208,11,Vivendi
208,13,Vivendi
208,14,Iliad
208,15,Iliad
208,20,Bouygues Telecom
208,21,Bouygues Telecom
208,88,Bouygues Telecom (Zones Blanches)
742,1,Orange Caribe French Guiana
742,20,Digicel French Guiana
547,0,Digicel Antilles Francaises Guyane
547,1,Orange Caraibe Mobiles
547,2,Outremer Telecom
547,3,Saint Martin et Saint Barthelemy Telcell Sarl
547,8,AMIGO GSM
547,20,Tikiphone
628,1,Gabon Telecom & Libertis S.A.
628,2,Atlantique Télécom (Etisalat Group)
628,3,Celtel Gabon S.A.
628,4,USAN Gabon S.A.
628,5,Réseau de l’Administration Gabonaise
607,1,Gamcel
607,2,Africell
607,3,Comium Services Ltd
607,4,QCell Gambia
282,1,Geocell Ltd.
282,2,Magti GSM Ltd.
282,3,Iberiatel Ltd.
282,4,Beeline
282,5,Sliknet
282,67,Aquafon
282,88,A-Mobile
262,1,T-Mobile Deutschland GmbH
262,2,Vodafone D2 GmbH
262,3,E-Plus Mobilfunk GmbH & Co. KG
262,4,Vodafone D2 GmbH
262,5,E-Plus Mobilfunk GmbH & Co. KG
262,6,T-Mobile Deutschland GmbH
262,7,O2 (Germany) GmbH & Co. OHG
262,8,O2 (Germany) GmbH & Co. OHG
262,9,Vodafone D2 GmbH
262,10,Arcor AG & Co. (GSM-R)
262,11,O2 (Germany) GmbH & Co. OHG
262,12,Dolphin Telecom (Deutschland) GmbH
262,13,Mobilcom Multimedia GmbH
262,14,Group 3G UMTS GmbH (Quam)
262,15,Airdata AG
262,16,MVNE (E-plus)
262,17,Ring Mobilfunk
262,20,E-Plus
262,43,Lyca Mobile
262,60,DB Telematik (GSM-R)
262,76,Siemens AG,
262,77,E-Plus Mobilfunk GmbH & Co. KG
262,901,Debitel AG
620,1,MTN Group
620,2,Vodafone Group
620,3,Millicom Ghana
620,4,Kasapa Telecom Ltd.
620,6,Airtel
620,997,Glo Mobile Ghana
266,1,Gibtelecom GSM
266,6,CTS Gibraltar
266,9,Cloud9 Mobile Communications
202,1,Cosmote Mobile Teelecommunications S.A.
202,5,Vodafone - Panafon
202,9,Wind Hellas Telecommunications S.A.
202,10,Wind Hellas Telecommunications S.A.
290,1,Tele Greenland
352,30,Digicel
352,110,Cable & Wireless Grenada Ltd.
535,47,Docomo Pacific Inc
704,1,Servicios de Comunicaciones Personales Inalámbricas, S.A.
704,2,Comunicaciones Celulares S.A.
704,3,Telefónica Centroamérica Guatemala S.A.
611,1,Orange
611,2,Sotelgui Lagui
611,3,INTERCEL Guinée
611,4,Areeba Guinea
611,5,Cellcom Guinée SA
632,1,Guinétel S.A.
632,2,Spacetel Guiné-Bissau S.A.
632,3,Orange
632,7,Guinetel (Telecel Guinee SARL)
738,1,U-Mobile (Cellular) Inc.
738,2,Guyana Telephone & Telegraph Co.
372,1,Communication Cellulaire dHaiti SA
372,2,Unigestion Holding S.A
372,3,Telecommunication S.A
372,50,Unigestion Holding S.A
708,1,Servicios de Comunicaciones de Honduras S.A. de C.V.
708,2,Celtel / Tigo
708,30,Empresa Hondurena de Telecomunicaciones
708,40,Digicel de Honduras
454,0,CSL Ltd
454,1,CITIC Telecom 1616
454,2,CSL Ltd
454,3,Hutchison Telecom
454,4,Hutchison Telecom
454,5,Hutchison Telecom
454,6,SmarTone Mobile Communications Ltd
454,7,China Unicom (Hong Kong) Ltd
454,8,Trident Telecom
454,9,China Motion Telecom
454,10,CSL Ltd
454,11,China-Hong Kong Telecom
454,12,China Mobile Hong Kong Company Ltd
454,14,Hutchison Telecom
454,15,3G Radio System/SMT3G
454,16,PCCW Ltd
454,17,SmarTone Mobile Communications Limited
454,18,CSL Ltd
454,19,PCCW Ltd
454,22,SmarTone Mobile (P-Plus)
454,29,PCCW Ltd
454,40,shared by private TETRA systems
454,47,Hong Kong Police Force - TETRA systems
216,1,Telenor Magyarország Zrt.
216,30,Magyar Telekom Plc
216,70,Vodafone Magyarország Zrt.
274,1,Iceland Telecom Ltd.
274,2,Vodafone
274,3,Islandssimi GSM ehf
274,4,IMC Islande ehf
274,6,09 Mobile
274,7,IceCell ehf
274,11,Nova ehf
404,0,Sistema Shyam (Rajasthan)
405,1,Reliance Telecom (Andhra Pradesh)
404,1,Vodafone (Haryana)
404,2,Bharti Airtel Ltd (Punjab)
404,3,Bharti Airtel Ltd (Himachal Pradesh)
405,3,Reliance Telecom (Bihar)
405,4,Reliance Telecom (Chennai)
404,4,Idea (Delhi)
405,5,Reliance Telecom (Delhi)
404,5,Vodafone (Gujarat)
405,6,Reliance Telecom (Gujarat)
405,7,Reliance Telecom (Haryana)
404,7,Idea (Andhra Pradesh)
405,8,Reliance Telecom (Himachal Pradesh)
405,9,Reliance Telecom (Jammu & Kashmir)
404,9,Reliance Telecom (Assam)
405,10,Reliance Telecom (Karnataka)
404,10,Bharti Airtel Ltd (Delhi)
405,11,Reliance Telecom (Kerala)
404,11,Vodafone (Delhi)
405,12,Reliance Telecom (Kolkata)
404,12,Idea (Haryana)
405,13,Reliance Telecom (Maharashtra)
404,13,Vodafone (Andhra Pradesh)
405,14,Reliance Telecom (Madhya Pradesh)
404,14,Idea (Punjab)
405,15,Reliance Telecom (Mumbai)
404,15,Vodafone (Uttar Pradesh (East)
404,16,Bharti Airtel Ltd (North East)
404,17,Aircel (West Bengal)
405,17,Reliance Telecom (Orissa)
405,18,Reliance Telecom (Punjab)
404,18,Reliance Telecom (Himachal Pradesh)
405,19,Reliance Telecom (Rajasthan)
404,19,Idea (Kerala)
405,20,Reliance Telecom (Tamilnadu)
404,20,Vodafone (Mumbai)
405,21,Reliance Telecom (Uttar Pradesh (East)
404,21,LOOP (Mumbai)
404,22,Idea (Maharashtra)
405,22,Reliance Telecom (Uttar Pradesh (West)
405,23,Reliance Telecom (West Bengal)
404,24,Idea (Gujarat)
405,24,HFCL INFOTEL (Punjab)
404,25,Aircel (Bihar)
405,25,TATA Teleservices (Andhra Pradesh)
405,26,TATA Teleservices (Assam)
405,27,TATA Teleservices (Bihar)
404,27,Vodafone (Maharashtra)
405,28,TATA Teleservices (Chennai)
404,28,Aircel (Orissa)
404,29,Aircel (Assam)
405,29,TATA Teleservices (Delhi)
405,30,TATA Teleservices (Gujarat)
404,30,Vodafone (Kolkata)
405,31,TATA Teleservices (Haryana)
404,31,Bharti Airtel Ltd (Kolkata)
405,32,TATA Teleservices (Himachal Pradesh)
405,33,TATA Teleservices (Jammu & Kashmir)
404,33,Aircel (North East)
404,34,BSNL (Haryana)
405,34,TATA Teleservices (Karnataka)
405,35,TATA Teleservices (Kerala)
404,35,Aircel (Himachal Pradesh)
405,36,TATA Teleservices (Kolkata)
404,36,Reliance Telecom (Bihar)
405,37,TATA Teleservices (Maharashtra)
404,37,Aircel (Jammu & Kashmir)
404,38,BSNL (Assam)
405,38,TATA Teleservices (Madhya Pradesh)
405,39,TATA Teleservices (Mumbai)
405,40,TATA Teleservices (North East)
404,40,Bharti Airtel Ltd (Chennai)
404,41,Aircel (Chennai)
405,41,TATA Teleservices (Orissa)
405,42,TATA Teleservices (Punjab)
404,42,Aircel (Tamilnadu)
405,43,TATA Teleservices (Rajasthan)
404,43,Vodafone (Tamilnadu)
405,44,TATA Teleservices (Tamilnadu)
404,44,Idea (Karnataka)
404,45,Bharti Airtel Ltd (Karnataka)
405,45,TATA Teleservices (Uttar Pradesh (East)
405,46,TATA Teleservices (Uttar Pradesh (West)
404,46,Vodafone (Kerala)
405,47,TATA Teleservices (West Bengal)
405,48,INDIAN RAILWAYS GSM-R (ALL CIRCLES)
404,49,Bharti Airtel Ltd (Andhra Pradesh)
404,50,Reliance Telecom (North East)
405,51,Bharti Airtel Ltd (West Bengal)
404,51,BSNL (Himachal Pradesh)
405,52,Bharti Airtel Ltd (Bihar)
404,52,Reliance Telecom (Orissa)
405,53,Bharti Airtel Ltd (Orissa)
404,53,BSNL (Punjab)
404,54,BSNL (Uttar Pradesh (West)
405,54,Bharti Airtel Ltd (Uttar Pradesh (East)
405,55,Bharti Airtel Ltd (Jammu & Kashmir)
404,55,BSNL (Uttar Pradesh (East)
404,56,Idea (Uttar Pradesh (West)
405,56,Bharti Airtel Ltd (Assam)
404,57,BSNL (Gujarat)
404,58,BSNL (Madhya Pradesh)
404,59,BSNL (Rajasthan)
404,60,Vodafone (Rajasthan)
404,62,BSNL (Jammu & Kashmir)
404,64,BSNL (Chennai)
404,66,BSNL (Maharashtra)
405,66,Vodafone (Uttar Pradesh (West)
405,67,Vodafone (West Bengal)
404,67,Reliance Telecom (Madhya Pradesh)
404,68,MTNL (Delhi)
404,69,MTNL (Mumbai)
405,70,Idea (Bihar)
404,70,Bharti Airtel Ltd (Rajasthan)
404,71,BSNL (Karnataka)
404,72,BSNL (Kerala)
404,73,BSNL (Andhra Pradesh)
404,74,BSNL (West Bengal)
404,75,BSNL (Bihar)
404,76,BSNL (Orissa)
404,77,BSNL (North East)
404,78,Idea (Madhya Pradesh)
404,79,BSNL (Andaman Nicobar)
404,80,BSNL (Tamilnadu)
404,81,BSNL (Kolkata)
404,82,Idea (Himachal Pradesh)
404,83,Reliance Telecom (Kolkata)
404,84,Vodafone (Chennai)
404,85,Reliance Telecom (West Bengal)
404,86,Vodafone (Karnataka)
404,87,Idea (Rajasthan)
404,88,Vodafone (Punjab)
404,89,Idea (Uttar Pradesh (East)
404,90,Bharti Airtel Ltd (Maharashtra)
404,91,Aircel (Kolkata)
404,92,Bharti Airtel Ltd (Mumbai)
404,93,Bharti Airtel Ltd (Madhya Pradesh)
404,94,Bharti Airtel Ltd (Tamilnadu)
404,95,Bharti Airtel Ltd (Kerala)
404,96,Bharti Airtel Ltd (Haryana)
404,97,Bharti Airtel Ltd (Uttar Pradesh (West)
404,98,Bharti Airtel Ltd (Gujarat)
405,750,Vodafone (Jammu & Kashmir)
405,751,Vodafone (Assam)
405,752,Vodafone (Bihar)
405,753,Vodafone (Orissa)
405,754,Vodafone (Himachal Pradesh)
405,755,Vodafone (North East)
405,756,Vodafone (Madhya Pradesh)
405,799,Idea (Mumbai)
405,800,Aircel (Delhi)
405,801,Aircel (Andhra Pradesh)
405,802,Aircel (Gujarat)
405,803,Aircel (Karnataka)
405,804,Aircel (Maharashtra)
405,805,Aircel (Mumbai)
405,806,Aircel (Rajasthan)
405,807,Aircel (Haryana)
405,808,Aircel (Madhya Pradesh)
405,809,Aircel (Kerala)
405,810,Aircel (Uttar Pradesh (East)
405,811,Aircel (Uttar Pradesh (West)
405,812,Aircel (Punjab)
405,813,Telenor Unitech (Haryana)
405,814,Telenor Unitech (Himachal Pradesh)
405,815,Telenor Unitech (Jammu & Kashmir)
405,816,Telenor Unitech (Punjab)
405,817,Telenor Unitech (Rajasthan)
405,818,Telenor Unitech (Uttar Pradesh (West)
405,819,Telenor Unitech (Andhra Pradesh)
405,820,Telenor Unitech (Karnataka)
405,821,Telenor Unitech (Kerala)
405,822,Telenor Unitech (Kolkata)
405,823,Videocon (Andhra Pradesh)
405,824,Videocon (Assam)
405,825,Videocon (Bihar)
405,826,Videocon (Delhi)
405,827,Videocon (Gujarat)
405,828,Videocon (Haryana)
405,829,Videocon (Himachal Pradesh)
405,830,Videocon (Jammu & Kashmir)
405,831,Videocon (Karnataka)
405,832,Videocon (Kerala)
405,833,Videocon (Kolkata)
405,834,Videocon (Madhya Pradesh)
405,835,Videocon (Maharashtra)
405,836,Videocon (Mumbai)
405,837,Videocon (North East)
405,838,Videocon (Orissa)
405,839,Videocon (Rajasthan)
405,840,Videocon (Tamilnadu)
405,841,Videocon (Uttar Pradesh (East)
405,842,Videocon (Uttar Pradesh (West)
405,843,Videocon (West Bengal)
405,844,Telenor Unitech (Delhi)
405,845,Idea (Assam)
405,846,Idea (Jammu & Kashmir)
405,848,Idea (Kolkata)
405,849,Idea (North East)
405,850,Idea (Orissa)
405,852,Idea (Tamilnadu)
405,853,Idea (West Bengal)
405,854,LOOP (Andhra Pradesh)
405,855,LOOP (Assam)
405,856,LOOP (Bihar)
405,857,LOOP (Delhi)
405,858,LOOP (Gujarat)
405,859,LOOP (Haryana)
405,860,LOOP (Himachal Pradesh)
405,861,LOOP (Jammu & Kashmir)
405,862,LOOP (Karnataka)
405,863,LOOP (Kerala)
405,864,LOOP (Kolkata)
405,865,LOOP (Madhya Pradesh)
405,866,LOOP (Maharashtra)
405,867,LOOP (North East)
405,868,LOOP (Orissa)
405,869,LOOP (Punjab)
405,870,LOOP (Rajasthan)
405,871,LOOP (Tamilnadu)
405,872,LOOP (Uttar Pradesh (East)
405,873,LOOP (Uttar Pradesh (West)
405,874,LOOP (West Bengal)
405,875,Telenor Unitech (Assam)
405,876,Telenor Unitech (Bihar)
405,877,Telenor Unitech (North East)
405,878,Telenor Unitech (Orissa)
405,879,Telenor Unitech (Uttar Pradesh (East)
405,880,Telenor Unitech (West Bengal)
405,881,S TEL (Assam)
405,882,S TEL (Bihar)
405,883,S TEL (Himachal Pradesh)
405,884,S TEL (Jammu & Kashmir)
405,885,S TEL (North East)
405,886,S TEL (Orissa)
405,887,Sistema Shyam (Andhra Pradesh)
405,888,Sistema Shyam (Assam)
405,889,Sistema Shyam (Bihar)
405,890,Sistema Shyam (Delhi)
405,891,Sistema Shyam (Gujarat)
405,892,Sistema Shyam (Haryana)
405,893,Sistema Shyam (Himachal Pradesh)
405,894,Sistema Shyam (Jammu & Kashmir)
405,895,Sistema Shyam (Karnataka)
405,896,Sistema Shyam (Kerala)
405,897,Sistema Shyam (Kolkata)
405,898,Sistema Shyam (Madhya Pradesh)
405,899,Sistema Shyam (Maharashtra)
405,900,Sistema Shyam (Mumbai)
405,901,Sistema Shyam (North East)
405,902,Sistema Shyam (Orissa)
405,903,Sistema Shyam (Punjab)
405,904,Sistema Shyam (Tamilnadu)
405,905,Sistema Shyam (Uttar Pradesh (East)
405,906,Sistema Shyam (Uttar Pradesh (West)
405,907,Sistema Shyam (West Bengal)
405,912,Etisalat DB (Andhra Pradesh)
405,913,Etisalat DB (Delhi)
405,914,Etisalat DB (Gujarat)
405,915,Etisalat DB (Haryana)
405,916,Etisalat DB (Karnataka)
405,917,Etisalat DB (Kerala)
405,918,Etisalat DB (Maharashtra)
405,919,Etisalat DB (Mumbai)
405,920,Etisalat DB (Punjab)
405,921,Etisalat DB (Rajasthan)
405,922,Etisalat DB (Tamilnadu)
405,923,Etisalat DB (Uttar Pradesh (East)
405,924,Etisalat DB (Uttar Pradesh (West)
405,925,Telenor Unitech (Tamilnadu)
405,926,Telenor Unitech (Mumbai)
405,927,Telenor Unitech (Gujarat)
405,928,Telenor Unitech (Madhya Pradesh)
405,929,Telenor Unitech (Maharashtra)
405,930,Etisalat DB (Bihar)
405,931,Etisalat DB (Madhya Pradesh)
405,932,Videocon (Punjab)
510,0,PT Pasifik Satelit Nusantara (ACeS)
510,1,PT Indonesian Satellite Corporation Tbk (INDOSAT)
510,3,PT Indosat TBK
510,7,PT Telkom
510,8,PT Natrindo Telepon Seluler
510,9,PT Smart Telecom
510,10,PT Telekomunikasi Selular
510,11,PT XL Axiata Tbk
510,20,Pt Telcom Indonesia TBK
510,21,PT Indonesian Satelite Corporation Tbk (Indosat)
510,27,PT Sampoerna Telekomunikasi Indonesia
510,28,PT Mobile-8 Telecom
510,89,PT Hutchison CP Telecommunications
510,99,PT Bakrie Telecom
901,1,ICO Satellite Management
901,3,Iridium
901,4,Globalstar
901,5,Thuraya RMSS Network
901,6,Thuraya Satellite Telecommunications Company
901,10,ACeS
901,11,Inmarsat
901,12,Maritime Communications Partner AS
901,13,Global Networks Switzerland Inc.
901,14,AeroMobile AS
901,15,OnAir Switzerland Sarl
901,17,Navitas
901,18,AT&T Mobility
901,21,Seanet Maritime Communications
432,11,Mobile Communications Company of Iran
432,14,KIFZO (Telecommunication Kish Co.)
432,19,Mobile Telecommunications Company of Esfahan
432,32,Rafsanjan Industrial Complex
432,35,Irancell Telecommunications Services Company
432,70,Telephone Communications Company of Iran
432,93,Iraphone
418,5,Asia Cell Telecommunications Com.
418,8,Korek Telecom Ltd
418,20,Zain Iraq
418,30,Zain Iraq
418,40,Korek Telecom Ltd
418,45,Mobitel Co. Ltd
418,92,Ommnea Wireless
272,1,Vodafone Ireland Plc
272,2,O2 Ireland
272,3,Meteor Mobile Communications Ltd.
272,4,Access Telecom Ltd.
272,5,Hutchison 3G Ireland limited
272,7,Eircom
272,9,Clever Communications Ltd.
272,11,Liffey Telecom
272,13,Lyca Mobile
425,1,Partner Communications Co. Ltd.
425,2,Cellcom Israel Ltd.
425,3,Pelephone Communications Ltd.
425,5,Palestine Cellular Communications
425,6,Wataniya Palestine
425,7,Hot Mobile
425,8,Golan Telecom
425,303,Pelephone Communications Ltd.
222,1,Telecom Italia SpA
222,2,Elsacom
222,7,Noverca
222,8,Fastweb
222,10,Vodafone Omnitel N.V.
222,30,Rete Ferroviaria Italiana
222,77,IPSE 2000
222,88,Wind Telecomunicazioni SpA
222,98,Blu
222,99,Hutchison 3G
338,5,JM DIGICEL
338,20,Cable & Wireless Jamaica Ltd.
338,50,Digicel (Jamaica) Limited
338,70,Oceanic Digital Jamaica Limited
338,180,Cable and Wireless Jamaica Limited
440,0,Emobile Ltd
440,1,NTT DoCoMo
440,2,NTT DoCoMo Kansai
440,3,NTT DoCoMo Hokuriku
440,4,SoftBank Mobile Corp
440,6,Softbank Mobile Corp
440,7,KDDI Corporation
440,8,KDDI Corporation
440,9,NTT DoCoMo Kansai
440,10,NTT DoCoMo
440,11,NTT DoCoMo Tokai
440,12,NTT DoCoMo
440,13,NTT DoCoMo
440,14,NTT DoCoMo Thoku
440,15,NTT DoCoMo
440,16,NTT DoCoMo
440,17,NTT DoCoMo
440,18,NTT DoCoMo Tokai
440,19,NTT DoCoMo Hokkaido
440,20,SoftBank Mobile Corp
440,21,NTT DoCoMo
440,22,NTT DoCoMo Kansai
440,23,NTT DoCoMo Tokai
440,24,NTT DoCoMo Chugoku
440,25,NTT DoCoMo Hokkaido
440,26,NTT DoCoMo Kyushu
440,27,NTT DoCoMo Tohoku
440,28,NTT DoCoMo Shikoku
440,29,NTT DoCoMo
440,30,NTT DoCoMo
440,31,NTT DoCoMo Kansai
440,32,NTT DoCoMo
440,33,NTT DoCoMo Tokai
440,34,NTT DoCoMo Kyushu
440,35,NTT DoCoMo Kansai
440,36,NTT DoCoMo
440,37,NTT DoCoMo
440,38,NTT DoCoMo
440,39,NTT DoCoMo
440,40,Softbank Mobile Corp
440,41,Softbank Mobile Corp
440,42,Softbank Mobile Corp
440,43,Softbank Mobile Corp
440,44,Softbank Mobile Corp
440,45,Softbank Mobile Corp
440,46,Softbank Mobile Corp
440,47,Softbank Mobile Corp
440,48,Softbank Mobile Corp
440,49,KDDI Corporation
440,50,KDDI Corporation
440,51,KDDI Corporation
440,52,KDDI Corporation
440,53,KDDI Corporation
440,54,KDDI Corporation
440,55,KDDI Corporation
440,56,KDDI Corporation
440,58,NTT DoCoMo Kansai
440,60,NTT DoCoMo Kansai
440,61,NTT DoCoMo Chugoku
440,62,NTT DoCoMo Kyushu
440,63,NTT DoCoMo
440,64,Softbank Mobile Corp
440,65,NTT DoCoMo Shikoku
440,66,NTT DoCoMo
440,67,NTT DoCoMo Tohoku
440,68,NTT DoCoMo Kyushu
440,69,NTT DoCoMo
440,70,KDDI Corporation
440,71,KDDI Corporation
440,72,KDDI Corporation
440,73,KDDI Corporation
440,74,KDDI Corporation
440,75,KDDI Corporation
440,76,KDDI Corporation
440,77,KDDI Corporation
440,78,Okinawa Cellular Telephone
440,79,KDDI Corporation
440,80,TU-KA Cellular Tokyo
440,81,TU-KA Cellular Tokyo
440,82,TU-KA Phone Kansai
440,83,TU-KA Cellular Tokai
440,85,TU-KA Cellular Tokai
440,86,TU-KA Cellular Tokyo
440,87,NTT DoCoMo Chugoku
440,88,KDDI Corporation
440,89,KDDI Corporation
440,90,Softbank Mobile Corp
440,91,Softbank Mobile Corp
440,92,SoftBank Mobile Corp
440,93,Softbank Mobile Corp
440,94,Softbank Mobile Corp
440,95,Softbank Mobile Corp
440,96,Softbank Mobile Corp
440,97,Softbank Mobile Corp
440,98,Softbank Mobile Corp
440,99,NTT DoCoMo
416,1,Jordan Mobile Telephone Services
416,2,Xpress
416,3,Umniah
416,77,Petra Jordanian Mobile Telecommunications Company (MobileCom)
401,1,Kar-Tel llc
401,2,GSM Kazakhstan Ltd
401,7,Dalacom (CDMA)
401,8,Kazakhtelecom
401,77,Mobile Telecom Service LLP
639,2,Safaricom Ltd.
639,3,Celtel Kenya Limited
639,5,Telkom Kenya
639,7,Econet Wireless Kenya
545,9,Telecom Services Kiribati Ltd
467,193,Korea Posts and Telecommunications Corporation
450,0,KT
450,2,KT
450,3,Shinsegi Telecom Inc.
450,4,KT
450,5,SK Telecom
450,6,LGT Telcom
450,8,KTF SHOW
419,2,Mobile Telecommunications Company
419,3,Wataniya Telecom
419,4,Kuwait Telecommunication Company
437,1,Bitel GSM
437,3,Aktel Ltd
437,5,MEGACOM
437,9,NurTelecom LLC
457,1,Lao Shinawatra Telecom
457,2,Enterprise of Telecommunications Lao
457,3,Star Telecom Co., Ltd
457,8,Millicom Lao Co Ltd
247,1,Latvian Mobile Phone (LMT)
247,2,Tele2
247,3,Telekom Baltija (CDMA)
247,5,Bite Latvija
247,6,Rigatta
247,7,Master Telecom (MTS)
247,8,IZZI
247,9,Camel Mobile
415,1,MIC 1
415,3,MIC 2
415,5,Ogero Telecom
651,1,Vodacom Lesotho (pty) Ltd.
651,2,Econet Ezin-cel
618,1,Lonestar Cell
618,2,Libercell
618,3,Cellcom
618,4,Comium
618,20,LIB Telco
606,0,Libyana Mobile Phone
606,1,Madar
295,1,Swisscom AG
295,2,Orange AG
295,4,Cubic Telecom AG
295,5,Mobilkom AG (FL1)
295,77,Alpcom AG
246,1,Omnitel
246,2,Bite GSM
246,3,Tele2
270,1,LuxGSM
270,77,Tango
270,99,Orange S.A.
455,0,SmarTone
455,1,C.T.M Telemovel+
455,2,China Telecom
455,3,Hutchison Telecom
455,4,C.T.M Telemovel+
455,5,Hutchison Telecom
294,1,T-Mobile
294,2,Cosmofon
294,3,VIP Operator
646,1,Celtel
646,2,Orange Madagascar S.A
646,3,Madamobil
646,4,Telma Mobile S.A
650,1,Telekom Network Ltd.
650,10,Bharti Airtel Limited
502,0,Art900
502,1,Telekom Malaysia Bhd
502,11,MTX Utara
502,12,Maxis Communications Berhad
502,13,TM Touch
502,16,DIGI
502,17,Maxis
502,18,U Mobile Sdn Bhd
502,19,CelCom
472,1,Dhivehi Raajjeyge Gulhun
472,2,Wataniya Telecom Maldives
610,1,Malitel
610,2,Orange Mali SA
278,1,Vodafone Malta
278,21,Mobisle Communications Limited
278,77,Melita Plc
340,1,Orange Caraïbe Mobiles
340,2,Outremer Telecom
340,3,Saint Martin et Saint Barthelemy Telcell Sarl
340,8,MIO GSM
340,20,DIGICEL Antilles Française Guyane
340,993,Orange Martinique
609,1,Mattel S.A.
609,2,Chinguitel S.A.
609,10,Mauritel Mobiles
617,1,Cellplus Mobile Communications Ltd.
617,2,Mahanagar Telephone (Mauritius) Ltd.
617,10,Emtel Ltd
334,1,Nextel México
334,2,América Móvil
334,3,Telefonica Moviles (Movistar)
334,4,Iusacell / Unefon
334,5,Iusacell / Unefon
334,20,América Móvil
334,50,Iusacell / Unefon
550,1,FSM Telecom
259,1,Orange Moldova GSM
259,2,Moldcell GSM
259,3,Moldtelecom
259,4,Eventis Mobile GSM
259,5,Moldtelecom
212,0,Media Telecom
212,1,Monaco Telecom
212,2,Morocco Wana
428,88,Unitel
428,91,Skytel LLC
428,98,G-Mobile LLC
428,99,Mobicom
297,1,Telenor Montenegro
297,2,T-Mobile Montenegro LLC
297,3,MTEL CG
297,4,T-Mobile Montenegro LLC
354,860,Cable & Wireless West Indies (Montserrat)
604,0,Medi Telecom
604,1,Ittissalat Al Maghrib (Maroc Telecom)
604,2,WANA - Groupe ONA
604,5,WANA - Groupe ON
643,1,Mocambique Celular S.A.R.L
643,3,Movitel
643,4,Vodacom Mozambique, S.A.R.L.
414,1,Myanmar Post and Telecommunication
649,1,Mobile Telecommunications Ltd.
649,2,Switch
649,3,Orascom Telecom Holding
429,1,Nepal Telecommunications
429,2,Spice Nepal Private Ltd.
429,3,Nepal Telecom
429,4,Smart Telecom Pvt. Ltd
204,1,VastMobiel B.V.
204,2,Tele2
204,3,Voiceworks B.V
204,4,Vodafone
204,5,Elephant Talk Communications
204,6,Mundio Mobile Ltd
204,7,Teleena Holding B.V.
204,8,KPN B.V
204,9,Lyca mobile Netherlands Ltd.
204,10,KPN B.V
204,12,Telfort B.V
204,13,Unica Installatietechniek B.V.
204,14,6GMobile B.V
204,15,Ziggo B.V
204,16,T-Mobile
204,17,Intercity Mobile Communications B.V
204,18,UPC Netherlands B.V
204,19,Mixe Communication Solutions B.V
204,20,T-Mobile
204,21,ProRail B.V
204,22,Ministerie van Defensie
204,23,ASPIDER Solutions B.V
204,24,Private Mobility Netherlands B.V
204,25,CapX B.V.
204,26,SpeakUp B.V
204,27,Brezz Nederland B.V
204,28,Lancelot B.V
204,67,RadioAccess B.V.
204,68,Unify Group Holding B.V
204,69,KPN B.V
362,51,TelCell
362,69,Digicel
362,76,Antiliano Por N.V.
362,91,UTS
362,94,Bayos
362,95,MIO
362,630,Cingular Wireless
362,951,UTS Wireless Curacao
546,1,OPT Mobilis
530,0,Telecom New Zealand
530,1,Vodafone New Zealand
530,2,Telecom New Zealand
530,3,Woosh Wireless New Zealand
530,4,TelstraClear New Zealand
530,5,Telecom New Zealand
530,6,Skinny
530,24,2degrees
530,28,Econet Wireless New Zealand GSM Mobile Network
530,55,Cable & Wireless Guernsey Ltd
710,21,Empresa Nicaragüense de Telecomunicaciones, S.A. (ENITEL)
710,30,Telefónica Móviles de Nicaragua S.A.
710,73,Servicios de Comunicaciones, S.A. (SERCOM)
710,730,SERCOM S.A. (Nicaragua)
614,1,Sahel.Com
614,2,Celtel
614,3,Telecel Niger SA
614,4,Orange
621,20,Bharti Airtel Ltd
621,25,Vidafone Communications Ltd.
621,30,MTN Nigeria Communications
621,40,Nigerian Mobile Telecommunications Ltd.
621,50,Globacom Ltd
621,60,Etisalat Ltd.
242,1,Telenor Norway AS
242,2,TeliaSonera Norway AS
242,3,Teletopia Gruppen AS
242,4,Tele2 Norway AS
242,5,Network Norway AS
242,6,ICE Norge AS
242,7,Ventelo Norway AS
242,8,TDC Mobil AS
242,9,Com4 AS
242,11,Systemnet AS
242,12,Telenor Norway AS
242,20,Jernbaneverket
242,21,Jernbaneverket
242,22,Network Norway AS
242,23,Lyca Mobile Ltd
422,2,Oman Mobile Telecommunications Company
422,3,Oman Qatari Telecommunications Company (Nawras)
422,4,Oman Telecommunications Company (Omantel)
410,1,Mobilink-PMCL
410,3,Pakistan Telecommunication Mobile Ltd
410,4,China Mobile
410,6,Telenor Pakistan
410,7,WaridTel
410,8,Instaphone (AMPS/CDMA)
552,1,Palau National Communications Corp. (a.k.a. PNCC)
552,80,Palau Mobile Corporation
714,1,Cable & Wireless Panama S.A.
714,2,Telefonica Moviles Panama S.A
714,3,América Móvil
714,4,Group
714,20,Movistar
537,1,Pacific Mobile Communications
537,2,Greencom
537,3,Digicel PNG
744,1,Hola Paraguay S.A
744,2,AMX Paraguay S.A.
744,3,Compañia Privada de Comunicaciones S.A.
744,4,Telefonica Celular Del Paraguay S.A. (Telecel)
744,5,Núcleo S.A
716,6,Telefónica Móviles Perú
716,7,Nextel
716,10,América Móvil Perú
716,17,NII Holdings
515,1,Globe Telecom via Innove Communications
515,2,Globe Telecom
515,3,PLDT via Smart Communications
515,5,Digital Telecommunications Philippines
515,11,PLDT via ACeS Philippines
515,18,PLDT via Smarts Connectivity Unlimited Resources Enterprise
515,88,Nextel
260,1,Plus GSM (Polkomtel S.A.)
260,2,ERA GSM (Polska Telefonia Cyfrowa Sp. Z.o.o.)
260,3,Orange
260,4,Netia S.A
260,5,Polska Telefonia Komórkowa Centertel Sp. z o.o.
260,6,Play (P4)
260,7,Netia S.A
260,8,E-Telko Sp. z o.o.
260,9,Telekomunikacja Kolejowa (GSM-R)
260,10,Sferia S.A.
260,12,Cyfrowy Polsat S.A.
260,14,Sferia S.A
260,15,CenterNet S.A.
260,16,Mobyland Sp. z o.o.
260,17,Aero 2 Sp. z o.o.
268,1,Vodafone Portugal
268,3,Sonaecom – Serviços de Comunicações, S.A.
268,5,Oniway - Inforcomunicaçôes, S.A.
268,6,Telecomunicações Móveis Nacionais
268,21,Zapp Portugal
330,10,Cingular Wireless
330,11,Puerto Rico Telephone Company
427,1,Qtel
427,2,Vodaphone Quatar
629,1,Celtel Congo
629,7,MTN CONGO S.A
629,10,Libertis Telecom
647,0,Orange
647,2,Outremer Telecom
647,10,SFR Reunion
647,995,SRR Mayotte
647,997,Orange Mayotte
226,1,Vodafone Romania SA
226,2,Romtelecom
226,3,Cosmote (Zapp)
226,4,Cosmote (Zapp)
226,5,Digi mobil
226,6,Cosmote
226,10,Orange Romania
250,1,Mobile TeleSystems
250,2,MegaFon OJSC
250,3,Nizhegorodskaya Cellular Communications
250,4,Sibchallenge
250,5,Yeniseytelecom
250,6,CJSC Saratov System of Cellular Communications
250,7,Zao SMARTS
250,9,Khabarovsky Cellular Phone
250,10,Don Telecom
250,11,Orensot
250,12,Baykal Westcom / Akos
250,13,Kuban GSM
250,15,SMARTS Ufa, SMARTS Uljanovsk
250,16,New Telephone Company
250,17,JSC Uralsvyazinform
250,19,Indigo
250,20,Tele2
250,23,Mobicom - Novisibirsk
250,28,Beeline
250,35,MOTIV
250,37,ZAO Kodotel
250,38,Tambov GSM
250,39,Uralsvyazinform
250,44,Stuvtelesot
250,92,MTS - Primtelefon
250,93,Telecom XXI
250,99,OJSC VimpelCom
250,801,EastWest Telecom
250,802,MCS Pvolzhie
250,803,Mobicom-Caucasus
250,804,Sonic Duo
250,805,RTCOM
250,806,Smolensk Cellular
250,807,ST Mobile
250,808,Siberian Cellular Comms (Omsk)
250,809,Corporation Severnaya Corona
250,810,Tatincom-T
250,811,Votek Mobile
635,10,MTN Rwandacell SARL
635,11,Rwandatel (CDMA)
635,12,Rwandatel (GSM)
635,13,TIGO RWANDA S.A
356,50,Digicel
356,70,UTS
356,110,Cable & Wireless
358,30,Cingular Wireless
358,50,Digicel (St Lucia) Limited
358,110,Cable & Wireless
360,10,Cingular Wireless
360,70,Digicel (St. Vincent and Grenadines) Limited
360,100,Cingular Wireless
360,110,Cable & Wireless
549,1,Digicel Pacific Ltd.
549,27,SamoaTel Ltd
626,1,Companhia Santomese de Telecomunicaçôes
420,1,Saudi Telecom Company
420,3,Etihad Etisalat Company
420,4,Zain SA
420,7,EAE
608,1,Sonatel
608,2,Millicom
608,3,Sudatel
220,1,Telenor Serbia
220,2,Telenor Montenegro
220,3,Telekom Srbija a.d.
220,4,Monet
220,5,Vip mobile d.o.o.
633,1,Cable & Wireless (Seychelles) Ltd.
633,2,Mediatech International Ltd.
633,10,Telecom (Seychelles) Ltd.
619,1,Bharti Airtel Ltd
619,2,Millicom (SL) Ltd
619,3,Lintel Sierra Leone Ltd
619,4,Comium (Sierra Leone) Ltd.
619,5,Lintel (Sierra Leone) Ltd.
619,25,Mobitel
619,40,Datatel (SL) Ltd GSM
619,50,Dtatel (SL) Ltd CDMA
619,999,Sierratel
525,1,Singapore Telecom
525,2,Singapore Telecom
525,3,MobileOne Asia
525,5,StarHub Mobile
525,12,Digital Trunked Radio Network
231,1,Orange Slovensko
231,2,T-Mobile Slovensko
231,3,Unient Communications
231,4,T-Mobile Slovensko
231,5,Orange Slovensko
231,6,Telefónica O2
231,15,Orange Slovensko
231,99,Železnice Slovenskej Republiky
293,40,SI Mobil D.D
293,41,Ipkonet
293,64,T-2 d.o.o.
293,70,Tusmobil d.o.o.
540,1,Solomon Telekom Co Ltd
540,10,Breeze
637,1,Telesom
637,4,Somafone FZLLC
637,10,NationLink Telecom
637,19,Hormuud Telecom
637,25,Hormuud Telecom Somalia Inc
637,30,Golis Telecom Somalia
637,62,Telecom Mobile
637,65,Telecom Mobile
637,82,Telcom Somalia
655,1,Vodacom (Pty) Ltd.
655,2,Telkom
655,4,Sasol (PTY) LTD
655,6,Sentech (Pty) Ltd.
655,7,Cell C (Pty) Ltd.
655,10,Mobile Telephone Networks
655,11,SAPS Gauteng
655,13,Neotel
655,19,Wireless Business Solutions
655,21,Cape Town Metropolitan Council
655,25,Wirels Connect
655,30,Bokamoso Consortium
655,31,Karabo Telecoms (Pty) Ltd.
655,32,Ilizwi Telecommunications
655,33,Thinta Thinta Telecommunications
655,34,Bokone Telecoms
655,35,Kingdom Communications
655,36,Amatole Telecommunication Services
655,41,South African Police Service
659,1,Vivacell
214,1,Vodafone Spain
214,3,France Telecom España SA
214,4,Xfera Moviles SA
214,5,Telefónica Móviles España
214,6,Vodafone Spain
214,7,Telefónica Móviles España
214,8,Euskaltel
214,9,France Telecom España SA
214,15,BT Group España Compañia de Servicios Globales de Telecomunicaciones S.A.U.
214,16,Telecable de Asturias S.A.U.
214,17,R Cable y Telecomunicaciones Galicia S.A.
214,18,Cableuropa S.A.U.
214,19,E-PLUS Moviles Virtuales España S.L.U. (KPN)
214,20,Fonyou Telecom S.L.
214,21,Jazz Telecom S.A.U.
214,22,Best Spain Telecom
214,23,Barablu Movil Espana
214,24,Eroski Móvil España
214,25,LycaMobile S.L.
214,33,France Telecom España SA
413,1,Sri Lanka Telecom Mobitel
413,2,Dialog Telekom
413,3,Emirates Telecommunication Corporation
413,5,Bharti Airtel
413,8,Hutchison Telecommunications Lanka (Pvt) Limited
658,0,Cable & Wireless Plc
308,1,St. Pierre-et-Miquelon Télécom
634,1,Zain Group - Sudan
634,2,MTN Sudan
634,5,Wawat Securities
634,7,Sudatel Group
746,1,Telecommunications Company Suriname
746,2,Telecommunications Company Suriname
746,3,Digicel Group Limited
746,4,Intelsur N.V. / UTS N.V.
653,10,Swazi MTN
240,0,Direct2 Internet
240,1,Telia Sonera AB
240,2,H3G Access AB
240,3,Netett Sverige AB
240,5,Svenska UMTS-Nät
240,6,Telenor Sweden AB
240,7,Tele2 Sweden AB
240,8,Telenor Sweden AB
240,9,Djuice Mobile Sweden
240,10,Spring Mobil AB
240,11,Lindholmen Science Park
240,12,Lycamobile AB
240,13,Ventelo Sweden AB
240,14,TDC Mobil AS
240,15,Wireless Maingate
240,16,42 Telecom AB
240,17,Götalandsnätet AB
240,18,Generic Mobile Systems Sweden AB
240,19,Mudio Mobile Sweden
240,20,Imez AB
240,22,EuTel
240,23,Infobip Ltd
240,25,Digitel Mobile Srl
240,26,Beepsend
240,27,MyIndian AB
240,28,CoolTEL Aps
240,29,Mercury International Carrier Services
240,30,NextGen Mobile Ltd
240,32,CompaTel Ltd.
240,34,Tigo LTD
240,36,Interactive digital media GmbH
240,41,Shyam Telecom UK Ltd
240,89,ACN Communications Sweden AB
240,500,Unknown
240,503,Unknown
228,1,Swisscom Ltd
228,2,Sunrise Communications AG
228,3,Orange Communications SA
228,5,Togewanet AG (Comfone)
228,6,SBB AG
228,7,IN&Phone SA
228,8,Tele2 Telecommunications AG
228,9,Comfone AG
228,12,Sunrise
228,50,3G Mobile AG
228,51,Bebbicell AG
228,52,Barablu Mobile AG
228,53,UPC Cablecom GmbH
228,54,Lyca Mobile AG
417,1,Syriatel Mobile Telecom
417,2,MTN Syria
466,1,Far EasTone Telecommunications Co Ltd
466,5,Asia Pacific Telecom
466,6,Tuntex Telecom
466,11,LDTA/Chungwa Telecom
466,68,ACeS Taiwan Telecommunications Co Ltd
466,88,KG Telecom
466,89,VIBO Telecom
466,92,Chunghwa Telecom LDM
466,93,Mobitai Communications
466,97,Taiwan Cellular Corporation
466,99,TransAsia Telecoms
436,1,JV Somoncom
436,2,Indigo Tajikistan
436,3,TT Mobile
436,4,Babilon-Mobile
436,5,Vimpelcom
436,12,Indigo
640,1,Tri Telecommunication (T) Ltd.
640,2,MIC Tanzania Ltd
640,3,Zanzibar Telecom Ltd
640,4,Vodacom Tanzania Ltd
640,5,Bharti Airtel
640,6,Dovetel Ltd
640,7,Tanzania Telecommunication Company LTD
640,8,Benson Informatics Ltd
640,9,ExcellentCom Tanzania Ltd
640,11,Smile Telecoms Holdings Ltd
520,0,CAT CDMA
520,1,Advanced Info Service
520,2,CAT Telecom
520,10,WCS
520,15,elephone Organization of Thailand
520,18,Total Access Communications Co (DTAC)
520,23,Digital Phone (AIS)
520,88,True Corporation
520,99,True Corporation
514,2,Timor Telecom
615,1,Togo Telecom
615,2,Telecel
615,3,Moov Togo
615,5,Telecel
539,1,Tonga Communications Corporation
539,43,Shoreline Communication
539,88,Digicel
374,12,BMobile
374,13,Digicel
374,140,LaqTel Ltd.
605,1,Orange Tunisia
605,2,Tunisie Telecom
605,3,Orascom Telecom
286,1,Turkcell Iletisim Hizmetleri A.S.
286,2,Vodafone
286,3,Avea
286,4,Aycell
438,1,Barash Communication Technologies (BCTI)
438,2,TM-Cell
376,5,Digicel (Turks & Caicos) Limited
376,350,Cable & Wireless West Indies Ltd (Turks & Caicos)
376,352,IslandCom Communications Ltd.
641,1,Celtel Uganda
641,10,MTN Uganda Ltd.
641,11,Uganda Telecom Ltd.
641,14,Orange Uganda
641,22,Warid Telecom Uganda Ltd.
234,0,British Telecom
234,1,Mudio Mobile Ltd
234,2,O2 UK Ltd
234,3,Jersey Airtel Ltd
234,4,FMS Solutions Ltd
234,5,COLT Mobile Telecommunications Ltd
234,6,Internet Computer Bureau Ltd
234,7,Cable and Wireless Plc
234,8,OnePhone Ltd
234,9,Tismi BV
234,10,Telefónica Europe
234,11,Telefónica Europe
234,12,Network Rail Infrastructure Ltd
234,13,Network Rail Infrastructure Ltd
234,14,Hay Systems Ltd
234,15,Vodafone Ltd
234,16,Talk Talk Communications Ltd
234,17,Flextel Ltd
234,18,Wire9 Telecom Plc
234,19,Teleware Plc
234,20,Hutchison 3G UK Ltd
234,22,Routo Telecommunications Ltd
234,24,Stour Marine
234,25,Truphone (UK)
234,30,Everything Everywhere Ltd
234,31,Virgin Media (MVNO on EE)
234,32,Virgin Media (MVNO on EE)
234,33,Everything Everywhere Ltd
234,34,Everything Everywhere Ltd
234,35,JSC Ingenium Ltd
234,37,Synectiv Ltd
234,50,Jersey Telecom GSM
234,55,Cable and Wireless Plc
234,58,Manx Telecom
234,60,Dobson Telephone Co
234,75,Inquam Telecom Ltd.
234,76,British Telecom
234,78,Airwave
234,91,Vodafone United Kingdom
234,95,Network Rail Infrastructure Ltd
234,995,Guernsey Airtel
255,1,Ukrainian Mobile Communication, UMC
255,2,Ukranian Radio Systems, URS
255,3,Kyivstar GSM JSC
255,4,Intertelecom
255,5,Golden Telecom
255,6,Astelit
255,7,Ukrtelecom
255,21,CJSC - Telesystems of Ukraine
255,23,CDMA Ukraine
255,25,CST Inves
255,39,Golden Telecom GSM
255,50,Ukrainian Mobile Communications
255,67,Kyivstar
255,68,Wellcom
424,2,E mirates Telecom Corp
424,3,Emirates Integrated Telecommunications Company
316,11,Southern Communications Services
748,0,Compania estatal (ANTEL)
748,1,Compania estatal (ANTEL)
748,3,Ancel
748,7,Telefónica Móviles Uruguay
748,10,AM Wireless Uruguay S.A.
434,1,Buztel
434,2,Uzmacom
434,4,Unitel LLC
434,5,Coscom
434,6,Perfectum Mobile
434,7,Uzdunrobita
541,1,Telecom Vanatou
541,5,Digicel
734,1,Digitel
734,2,Digitel
734,3,Digitel
734,4,Movistar
734,6,Movilnet
452,1,Vietnam Mobile Telecom (VMS)
452,2,Vinaphone
452,3,S-Telecom
452,4,Viettel Corporation (Viettel Mobile)
452,5,Hanoi Telecom
452,6,EVN Telecom
452,7,GTEL Mobile JSC
421,1,SabaFon
421,2,Spacetel Yemen
421,3,Yemen Mobile
421,4,Y
645,1,Zain
645,2,MTN
645,3,Zamtel
648,1,Net*One Cellular Ltd
648,3,Telecel Zimbabwe Ltd
648,4,Econet Wireless
310,0,Unknown
310,2,Sprint Spectrum
310,3,Verizon Wireless
310,4,Verizon Wireless
310,5,Verizon Wireless
310,6,Consolidated Telcom
310,7,AT&T
310,8,AT&T
310,9,AT&T
310,10,Verizon Wireless
310,11,Southern Communications Services Inc.
310,12,Verizon Wireless
310,13,Alltel Wireless
310,14,Testing
310,15,Southern Communications dba Southern LINC
310,16,Cricket Wireless
310,17,North Sight Communications Inc.
310,20,Union Telephone Company
310,23,VoiceStream 23
310,24,VoiceStream 24
310,25,VoiceStream 25
310,26,T-Mobile
310,30,AT&T
310,31,AERIAL
310,32,IT&E Overseas, Inc.
310,34,Airpeak
310,38,USA 3650 AT&T
310,40,Concho Cellular Telephone Co., Inc.
310,46,TMP Corp
310,50,ACS Wireless Inc.
310,60,Consolidated Telcom
310,70,Highland Cellular, Inc.
310,80,Corr Wireless Communications LLC
310,90,Cricket Wireless
310,100,Plateau Wireless
310,110,PTI Pacifica
310,120,Sprint
310,130,Carolina West Wireless
310,140,GTA Wireless LLC
310,150,Cricket Wireless
310,160,T-Mobile
310,170,Cingular Wireless
310,180,West Central Wireless
310,190,Alaska Wireless Communications LLC
310,200,T-Mobile
310,210,T-Mobile
310,220,T-Mobile
310,230,T-Mobile
310,240,T-Mobile
310,250,T-Mobile
310,260,T-Mobile
310,270,T-Mobile
310,280,Verizon Wireless
310,290,T-Mobile
310,300,Smart Call (Truphone)
310,310,T-Mobile
310,311,Farmers Wireless
310,320,Smith Bagley Inc, dba Cellular One
310,330,T-Mobile
310,340,Westlink Communications
310,350,Mohave Cellular L.P.
310,360,Cellular Network Partnership dba Pioneer Cellular
310,370,Guamcell Cellular and Paging
310,380,AT&T
310,390,Verizon Wireless
310,400,Wave Runner LLC
310,410,AT&T
310,420,Cincinnati Bell Wireless LLC
310,430,Alaska Digitel LLC
310,440,Numerex Corp.
310,450,Viaero Wireless
310,460,TMP Corp
310,470,nTelos
310,480,Verizon Wireless
310,490,T-Mobile
310,500,Alltel
310,510,Airtel Wireless LLC
310,520,VeriSign
310,530,West Virginia Wireless
310,540,Oklahoma Western Telephone Company
310,550,Wireless Solutions International
310,560,AT&T
310,570,MTPCS LLC dba Cellular One
310,580,T-Mobile
310,590,Alltel
310,600,Cellcom
310,610,Elkhart Telephone Co.
310,620,Coleman County Telecommunications Inc. (Trans Texas PCS)
310,630,Choice Wireless
310,640,Airadigm Communications
310,650,Jasper Wireless Inc.
310,660,MetroPCS
310,670,Northstar
310,680,AT&T
310,690,Conestoga Wireless Company
310,700,Cross Valiant Cellular Partnership
310,710,Arctic Slopo Telephone Association Cooperative
310,720,Wireless Solutions International Inc.
310,730,SeaMobile
310,740,Convey Communications Inc.
310,750,East Kentucky Network LLC dba Appalachian Wireless
310,760,Panhandle Telecommunications Systems Inc.
310,770,I Wireless
310,780,Connect Net Inc
310,790,PinPoint Communications Inc.
310,800,T-Mobile
310,810,Brazos Cellular Communications Ltd.
310,820,South Canaan Cellular Communications Co. LP
310,830,Caprock Cellular Ltd. Partnership
310,840,Telecom North America Mobile, Inc.
310,850,Aeris Communications, Inc.
310,860,TX RSA 15B2, LP dba Five Star Wireless
310,870,Kaplan Telephone Company Inc.
310,880,Advantage Cellular Systems, Inc.
310,890,Verizon Wireless
310,900,Mid-Rivers Communications
310,910,Verizon Wireless
310,920,Get Mobile
310,930,Copper Valley Wireless
310,940,Poka Lambro Telecommunications Ltd.
310,950,Iris Wireless LLC
310,960,Texas RSA 1 dba XIT Cellular
310,970,Globalstar USA
310,980,New Cingular Wireless PCS LLC
310,990,E.N.M.R. Telephone Cooperative
311,0,Mid-Tex Cellular Ltd.
311,10,Chariton Valley Communications
311,12,Verizon Wireless
311,20,Missouri RSA 5 Partnership
311,30,Indigo Wireless
311,40,Commnet Wireless
311,50,Wikes Cellular
311,60,Farmers Cellular Telephone
311,70,AT&T
311,80,Pine Telephone Company
311,90,Long Lines Wireless LLC
311,100,High Plains Wireless
311,110,High Plains Wireless
311,130,Alltel
311,140,MBO Wireless
311,150,Wilkes Cellular
311,170,Broadpoint Inc
311,190,Cellular Properties
311,210,Farmers Cellular Telephone
311,220,U.S. Cellular
311,230,C Spire Wireless
311,260,Cellular One
311,270,Lamar Country Cellular
311,290,NEP Wireless
311,330,Michigan Wireless, LLC
311,370,GCI Wireless
311,390,Verizon Wireless
311,480,Verizon Wireless
311,490,Virgin Mobile
311,530,NewCore Wireless
311,580,U.S. Cellular
311,660,Metro PCS
311,870,Boost
289,88,A-Mobile
289,67,Aquafon
289,68,A-Mobile
412,1,Afghan Wireless Communication Company
412,20,Telecom Development Company Afghanistan Ltd.
412,40,MNT Group Afganistan
412,50,Etisalat Afghanistan
276,1,Albanian Mobile Communications
276,2,Vodafone Albania
276,3,Eagle Mobile
276,4,Plus Communcation
603,1,ATM Mobilis
603,2,Orascom Telecom Algerie Spa
603,3,Wataniya Telec